"kwh","timestamp","tariff_block_name"
0.211,"2026-03-14 23:30:00",base
0.097,"2026-03-14 23:00:00",base
0.011,"2026-03-14 22:30:00",base
0.08,"2026-03-14 22:00:00",base
0.1,"2026-03-14 21:30:00",base
0.059,"2026-03-14 21:00:00",base
0.084,"2026-03-14 20:30:00",base
0.077,"2026-03-14 20:00:00",base
0.094,"2026-03-14 19:30:00",base
0.147,"2026-03-14 19:00:00",base
0.398,"2026-03-14 18:30:00",peak
0.036,"2026-03-14 18:00:00",peak
0.011,"2026-03-14 17:30:00",peak
0.004,"2026-03-14 17:00:00",peak
0.023,"2026-03-14 16:30:00",peak
0.004,"2026-03-14 16:00:00",peak
0.011,"2026-03-14 15:30:00",base
1.342,"2026-03-14 15:00:00",base
0.015,"2026-03-14 14:30:00",base
0.033,"2026-03-14 14:00:00",base
0.164,"2026-03-14 13:30:00",base
0.565,"2026-03-14 13:00:00",base
0.602,"2026-03-14 12:30:00",base
0.943,"2026-03-14 12:00:00",base
0.112,"2026-03-14 11:30:00",base
0.038,"2026-03-14 11:00:00",base
0.071,"2026-03-14 10:30:00",base
0.096,"2026-03-14 10:00:00",base
0.273,"2026-03-14 09:30:00",base
0.079,"2026-03-14 09:00:00",base
0.004,"2026-03-14 08:30:00",base
0.004,"2026-03-14 08:00:00",base
0.022,"2026-03-14 07:30:00",base
0.009,"2026-03-14 07:00:00",base
0.008,"2026-03-14 06:30:00",base
0.019,"2026-03-14 06:00:00",base
0.006,"2026-03-14 05:30:00",base
0.047,"2026-03-14 05:00:00",base
1.377,"2026-03-14 04:30:00",off-peak
1.353,"2026-03-14 04:00:00",off-peak
0.018,"2026-03-14 03:30:00",off-peak
0.008,"2026-03-14 03:00:00",off-peak
0.004,"2026-03-14 02:30:00",off-peak
0.022,"2026-03-14 02:00:00",off-peak
0.004,"2026-03-14 01:30:00",base
0.007,"2026-03-14 01:00:00",base
0.032,"2026-03-14 00:30:00",base
0.013,"2026-03-14 00:00:00",base
0.019,"2026-03-13 23:30:00",base
0.007,"2026-03-13 23:00:00",base
0.007,"2026-03-13 22:30:00",base
0.039,"2026-03-13 22:00:00",base
0.109,"2026-03-13 21:30:00",base
0.12,"2026-03-13 21:00:00",base
0.08,"2026-03-13 20:30:00",base
0.035,"2026-03-13 20:00:00",base
0.008,"2026-03-13 19:30:00",base
0.014,"2026-03-13 19:00:00",base
0.02,"2026-03-13 18:30:00",peak
0.046,"2026-03-13 18:00:00",peak
0.042,"2026-03-13 17:30:00",peak
0.014,"2026-03-13 17:00:00",peak
0.033,"2026-03-13 16:30:00",peak
0.054,"2026-03-13 16:00:00",peak
0.351,"2026-03-13 15:30:00",base
1.466,"2026-03-13 15:00:00",base
0.048,"2026-03-13 14:30:00",base
0.161,"2026-03-13 14:00:00",base
0.139,"2026-03-13 13:30:00",base
0.029,"2026-03-13 13:00:00",base
0.103,"2026-03-13 12:30:00",base
0.352,"2026-03-13 12:00:00",base
0.636,"2026-03-13 11:30:00",base
0.043,"2026-03-13 11:00:00",base
0.055,"2026-03-13 10:30:00",base
0.049,"2026-03-13 10:00:00",base
0.065,"2026-03-13 09:30:00",base
0.076,"2026-03-13 09:00:00",base
0.024,"2026-03-13 08:30:00",base
0.013,"2026-03-13 08:00:00",base
0.041,"2026-03-13 07:30:00",base
0.045,"2026-03-13 07:00:00",base
0.247,"2026-03-13 06:30:00",base
0.012,"2026-03-13 06:00:00",base
0.004,"2026-03-13 05:30:00",base
0.038,"2026-03-13 05:00:00",base
1.382,"2026-03-13 04:30:00",off-peak
1.373,"2026-03-13 04:00:00",off-peak
0.094,"2026-03-13 03:30:00",off-peak
0.127,"2026-03-13 03:00:00",off-peak
0.114,"2026-03-13 02:30:00",off-peak
1.363,"2026-03-13 02:00:00",off-peak
0.012,"2026-03-13 01:30:00",base
0.024,"2026-03-13 01:00:00",base
0.005,"2026-03-13 00:30:00",base
0.011,"2026-03-13 00:00:00",base
0.018,"2026-03-12 23:30:00",base
0.012,"2026-03-12 23:00:00",base
0.077,"2026-03-12 22:30:00",base
0.07,"2026-03-12 22:00:00",base
0.081,"2026-03-12 21:30:00",base
0.087,"2026-03-12 21:00:00",base
0.079,"2026-03-12 20:30:00",base
0.08,"2026-03-12 20:00:00",base
0.059,"2026-03-12 19:30:00",base
0.201,"2026-03-12 19:00:00",base
0.692,"2026-03-12 18:30:00",peak
0.236,"2026-03-12 18:00:00",peak
0.048,"2026-03-12 17:30:00",peak
0.027,"2026-03-12 17:00:00",peak
0.045,"2026-03-12 16:30:00",peak
0.024,"2026-03-12 16:00:00",peak
0.176,"2026-03-12 15:30:00",base
1.405,"2026-03-12 15:00:00",base
0.349,"2026-03-12 14:30:00",base
0.053,"2026-03-12 14:00:00",base
0.06,"2026-03-12 13:30:00",base
0.118,"2026-03-12 13:00:00",base
0.558,"2026-03-12 12:30:00",base
0.026,"2026-03-12 12:00:00",base
0.012,"2026-03-12 11:30:00",base
0.041,"2026-03-12 11:00:00",base
0.038,"2026-03-12 10:30:00",base
0.065,"2026-03-12 10:00:00",base
0.071,"2026-03-12 09:30:00",base
0.036,"2026-03-12 09:00:00",base
0.024,"2026-03-12 08:30:00",base
0.011,"2026-03-12 08:00:00",base
0.009,"2026-03-12 07:30:00",base
0.031,"2026-03-12 07:00:00",base
0.077,"2026-03-12 06:30:00",base
0.03,"2026-03-12 06:00:00",base
0.134,"2026-03-12 05:30:00",base
0.39,"2026-03-12 05:00:00",base
1.832,"2026-03-12 04:30:00",off-peak
1.894,"2026-03-12 04:00:00",off-peak
0.456,"2026-03-12 03:30:00",off-peak
0.1,"2026-03-12 03:00:00",off-peak
0.45,"2026-03-12 02:30:00",off-peak
0.024,"2026-03-12 02:00:00",off-peak
0.019,"2026-03-12 01:30:00",base
0.029,"2026-03-12 01:00:00",base
0.011,"2026-03-12 00:30:00",base
0.011,"2026-03-12 00:00:00",base
0.025,"2026-03-11 23:30:00",base
0.014,"2026-03-11 23:00:00",base
0.026,"2026-03-11 22:30:00",base
0.005,"2026-03-11 22:00:00",base
0.041,"2026-03-11 21:30:00",base
0.074,"2026-03-11 21:00:00",base
0.075,"2026-03-11 20:30:00",base
0.06,"2026-03-11 20:00:00",base
0.084,"2026-03-11 19:30:00",base
0.109,"2026-03-11 19:00:00",base
0.297,"2026-03-11 18:30:00",peak
0.625,"2026-03-11 18:00:00",peak
0.032,"2026-03-11 17:30:00",peak
0.065,"2026-03-11 17:00:00",peak
0.049,"2026-03-11 16:30:00",peak
0.047,"2026-03-11 16:00:00",peak
0.069,"2026-03-11 15:30:00",base
1.398,"2026-03-11 15:00:00",base
0.048,"2026-03-11 14:30:00",base
0.044,"2026-03-11 14:00:00",base
0.044,"2026-03-11 13:30:00",base
0.066,"2026-03-11 13:00:00",base
0.406,"2026-03-11 12:30:00",base
0.511,"2026-03-11 12:00:00",base
0.228,"2026-03-11 11:30:00",base
0.502,"2026-03-11 11:00:00",base
0.434,"2026-03-11 10:30:00",base
0.041,"2026-03-11 10:00:00",base
0.06,"2026-03-11 09:30:00",base
0.159,"2026-03-11 09:00:00",base
0.096,"2026-03-11 08:30:00",base
0.023,"2026-03-11 08:00:00",base
0.009,"2026-03-11 07:30:00",base
0.029,"2026-03-11 07:00:00",base
0.07,"2026-03-11 06:30:00",base
0.009,"2026-03-11 06:00:00",base
0.024,"2026-03-11 05:30:00",base
0.765,"2026-03-11 05:00:00",base
1.617,"2026-03-11 04:30:00",off-peak
2.054,"2026-03-11 04:00:00",off-peak
0.543,"2026-03-11 03:30:00",off-peak
0.525,"2026-03-11 03:00:00",off-peak
0.007,"2026-03-11 02:30:00",off-peak
0.021,"2026-03-11 02:00:00",off-peak
0.015,"2026-03-11 01:30:00",base
0.009,"2026-03-11 01:00:00",base
0.027,"2026-03-11 00:30:00",base
0.023,"2026-03-11 00:00:00",base
0.034,"2026-03-10 23:30:00",base
0.01,"2026-03-10 23:00:00",base
0.025,"2026-03-10 22:30:00",base
0.033,"2026-03-10 22:00:00",base
0.074,"2026-03-10 21:30:00",base
0.151,"2026-03-10 21:00:00",base
0.07,"2026-03-10 20:30:00",base
0.087,"2026-03-10 20:00:00",base
0.092,"2026-03-10 19:30:00",base
0.189,"2026-03-10 19:00:00",base
0.049,"2026-03-10 18:30:00",peak
0.018,"2026-03-10 18:00:00",peak
0.036,"2026-03-10 17:30:00",peak
0.026,"2026-03-10 17:00:00",peak
0.039,"2026-03-10 16:30:00",peak
0.058,"2026-03-10 16:00:00",peak
0.14,"2026-03-10 15:30:00",base
1.275,"2026-03-10 15:00:00",base
0.062,"2026-03-10 14:30:00",base
0.05,"2026-03-10 14:00:00",base
0.056,"2026-03-10 13:30:00",base
0.051,"2026-03-10 13:00:00",base
0.106,"2026-03-10 12:30:00",base
0.061,"2026-03-10 12:00:00",base
0.092,"2026-03-10 11:30:00",base
0.037,"2026-03-10 11:00:00",base
0.052,"2026-03-10 10:30:00",base
0.045,"2026-03-10 10:00:00",base
0.207,"2026-03-10 09:30:00",base
0.181,"2026-03-10 09:00:00",base
0.009,"2026-03-10 08:30:00",base
0.024,"2026-03-10 08:00:00",base
0.007,"2026-03-10 07:30:00",base
0.008,"2026-03-10 07:00:00",base
0.026,"2026-03-10 06:30:00",base
0.007,"2026-03-10 06:00:00",base
0.016,"2026-03-10 05:30:00",base
0.033,"2026-03-10 05:00:00",base
1.41,"2026-03-10 04:30:00",off-peak
1.45,"2026-03-10 04:00:00",off-peak
0.099,"2026-03-10 03:30:00",off-peak
0.356,"2026-03-10 03:00:00",off-peak
0.546,"2026-03-10 02:30:00",off-peak
0.009,"2026-03-10 02:00:00",off-peak
0.021,"2026-03-10 01:30:00",base
0.02,"2026-03-10 01:00:00",base
0.027,"2026-03-10 00:30:00",base
0.077,"2026-03-10 00:00:00",base
0.076,"2026-03-09 23:30:00",base
0.085,"2026-03-09 23:00:00",base
0.061,"2026-03-09 22:30:00",base
0.066,"2026-03-09 22:00:00",base
0.072,"2026-03-09 21:30:00",base
0.06,"2026-03-09 21:00:00",base
0.076,"2026-03-09 20:30:00",base
0.112,"2026-03-09 20:00:00",base
0.756,"2026-03-09 19:30:00",base
0.165,"2026-03-09 19:00:00",base
0.064,"2026-03-09 18:30:00",peak
0.027,"2026-03-09 18:00:00",peak
0.031,"2026-03-09 17:30:00",peak
0.118,"2026-03-09 17:00:00",peak
0.06,"2026-03-09 16:30:00",peak
0.037,"2026-03-09 16:00:00",peak
0.209,"2026-03-09 15:30:00",base
1.785,"2026-03-09 15:00:00",base
0.073,"2026-03-09 14:30:00",base
0.719,"2026-03-09 14:00:00",base
0.39,"2026-03-09 13:30:00",base
0.66,"2026-03-09 13:00:00",base
0.25,"2026-03-09 12:30:00",base
0.045,"2026-03-09 12:00:00",base
0.566,"2026-03-09 11:30:00",base
0.102,"2026-03-09 11:00:00",base
0.011,"2026-03-09 10:30:00",base
0.126,"2026-03-09 10:00:00",base
0.53,"2026-03-09 09:30:00",base
0.542,"2026-03-09 09:00:00",base
0.055,"2026-03-09 08:30:00",base
0.298,"2026-03-09 08:00:00",base
0.014,"2026-03-09 07:30:00",base
0.005,"2026-03-09 07:00:00",base
0.023,"2026-03-09 06:30:00",base
0.006,"2026-03-09 06:00:00",base
0.005,"2026-03-09 05:30:00",base
0.051,"2026-03-09 05:00:00",base
1.406,"2026-03-09 04:30:00",off-peak
1.38,"2026-03-09 04:00:00",off-peak
0.013,"2026-03-09 03:30:00",off-peak
0.005,"2026-03-09 03:00:00",off-peak
0.023,"2026-03-09 02:30:00",off-peak
0.005,"2026-03-09 02:00:00",off-peak
0.012,"2026-03-09 01:30:00",base
0.017,"2026-03-09 01:00:00",base
0.005,"2026-03-09 00:30:00",base
0.036,"2026-03-09 00:00:00",base
0.017,"2026-03-08 23:30:00",base
0.01,"2026-03-08 23:00:00",base
0.018,"2026-03-08 22:30:00",base
0.034,"2026-03-08 22:00:00",base
0.084,"2026-03-08 21:30:00",base
0.067,"2026-03-08 21:00:00",base
0.792,"2026-03-08 20:30:00",base
0.274,"2026-03-08 20:00:00",base
0.084,"2026-03-08 19:30:00",base
0.085,"2026-03-08 19:00:00",base
0.081,"2026-03-08 18:30:00",peak
0.078,"2026-03-08 18:00:00",peak
0.066,"2026-03-08 17:30:00",peak
0.085,"2026-03-08 17:00:00",peak
0.069,"2026-03-08 16:30:00",peak
0.064,"2026-03-08 16:00:00",peak
0.534,"2026-03-08 15:30:00",base
1.45,"2026-03-08 15:00:00",base
0.259,"2026-03-08 14:30:00",base
0.282,"2026-03-08 14:00:00",base
0.098,"2026-03-08 13:30:00",base
0.029,"2026-03-08 13:00:00",base
0.013,"2026-03-08 12:30:00",base
0.025,"2026-03-08 12:00:00",base
0.016,"2026-03-08 11:30:00",base
0.063,"2026-03-08 11:00:00",base
0.249,"2026-03-08 10:30:00",base
0.024,"2026-03-08 10:00:00",base
0.01,"2026-03-08 09:30:00",base
0.022,"2026-03-08 09:00:00",base
0.032,"2026-03-08 08:30:00",base
0.006,"2026-03-08 08:00:00",base
0.024,"2026-03-08 07:30:00",base
0.006,"2026-03-08 07:00:00",base
0.015,"2026-03-08 06:30:00",base
0.016,"2026-03-08 06:00:00",base
0.006,"2026-03-08 05:30:00",base
0.039,"2026-03-08 05:00:00",base
1.388,"2026-03-08 04:30:00",off-peak
1.394,"2026-03-08 04:00:00",off-peak
0.307,"2026-03-08 03:30:00",off-peak
0.505,"2026-03-08 03:00:00",off-peak
0.006,"2026-03-08 02:30:00",off-peak
0.022,"2026-03-08 02:00:00",off-peak
0.008,"2026-03-08 01:30:00",base
0.022,"2026-03-08 01:00:00",base
0.015,"2026-03-08 00:30:00",base
0.034,"2026-03-08 00:00:00",base
0.068,"2026-03-07 23:30:00",base
0.083,"2026-03-07 23:00:00",base
0.059,"2026-03-07 22:30:00",base
0.073,"2026-03-07 22:00:00",base
0.057,"2026-03-07 21:30:00",base
0.074,"2026-03-07 21:00:00",base
0.057,"2026-03-07 20:30:00",base
0.139,"2026-03-07 20:00:00",base
0.25,"2026-03-07 19:30:00",base
0.398,"2026-03-07 19:00:00",base
0.065,"2026-03-07 18:30:00",peak
0.094,"2026-03-07 18:00:00",peak
0.692,"2026-03-07 17:30:00",peak
1.05,"2026-03-07 17:00:00",peak
0.638,"2026-03-07 16:30:00",peak
0.057,"2026-03-07 16:00:00",peak
0.692,"2026-03-07 15:30:00",base
1.424,"2026-03-07 15:00:00",base
0.124,"2026-03-07 14:30:00",base
0.105,"2026-03-07 14:00:00",base
0.04,"2026-03-07 13:30:00",base
0.034,"2026-03-07 13:00:00",base
0.015,"2026-03-07 12:30:00",base
0.021,"2026-03-07 12:00:00",base
0.044,"2026-03-07 11:30:00",base
0.16,"2026-03-07 11:00:00",base
0.056,"2026-03-07 10:30:00",base
0.012,"2026-03-07 10:00:00",base
0.006,"2026-03-07 09:30:00",base
0.031,"2026-03-07 09:00:00",base
0.005,"2026-03-07 08:30:00",base
0.006,"2026-03-07 08:00:00",base
0.023,"2026-03-07 07:30:00",base
0.012,"2026-03-07 07:00:00",base
0.03,"2026-03-07 06:30:00",base
0.013,"2026-03-07 06:00:00",base
0.005,"2026-03-07 05:30:00",base
0.041,"2026-03-07 05:00:00",base
1.389,"2026-03-07 04:30:00",off-peak
1.454,"2026-03-07 04:00:00",off-peak
0.737,"2026-03-07 03:30:00",off-peak
0.005,"2026-03-07 03:00:00",off-peak
0.038,"2026-03-07 02:30:00",off-peak
0.013,"2026-03-07 02:00:00",off-peak
0.035,"2026-03-07 01:30:00",base
0.014,"2026-03-07 01:00:00",base
0.007,"2026-03-07 00:30:00",base
0.022,"2026-03-07 00:00:00",base
0.042,"2026-03-06 23:30:00",base
0.086,"2026-03-06 23:00:00",base
0.199,"2026-03-06 22:30:00",base
0.104,"2026-03-06 22:00:00",base
0.462,"2026-03-06 21:30:00",base
0.272,"2026-03-06 21:00:00",base
0.07,"2026-03-06 20:30:00",base
0.216,"2026-03-06 20:00:00",base
0.586,"2026-03-06 19:30:00",base
0.384,"2026-03-06 19:00:00",base
0.054,"2026-03-06 18:30:00",peak
0.117,"2026-03-06 18:00:00",peak
0.131,"2026-03-06 17:30:00",peak
0.08,"2026-03-06 17:00:00",peak
0.037,"2026-03-06 16:30:00",peak
0.059,"2026-03-06 16:00:00",peak
0.097,"2026-03-06 15:30:00",base
1.393,"2026-03-06 15:00:00",base
0.054,"2026-03-06 14:30:00",base
0.033,"2026-03-06 14:00:00",base
0.066,"2026-03-06 13:30:00",base
0.056,"2026-03-06 13:00:00",base
0.062,"2026-03-06 12:30:00",base
0.045,"2026-03-06 12:00:00",base
0.035,"2026-03-06 11:30:00",base
0.045,"2026-03-06 11:00:00",base
0.034,"2026-03-06 10:30:00",base
0.115,"2026-03-06 10:00:00",base
0.3,"2026-03-06 09:30:00",base
0.087,"2026-03-06 09:00:00",base
0.023,"2026-03-06 08:30:00",base
0.025,"2026-03-06 08:00:00",base
0.01,"2026-03-06 07:30:00",base
0.075,"2026-03-06 07:00:00",base
0.327,"2026-03-06 06:30:00",base
0.006,"2026-03-06 06:00:00",base
0.023,"2026-03-06 05:30:00",base
0.021,"2026-03-06 05:00:00",base
1.38,"2026-03-06 04:30:00",off-peak
1.365,"2026-03-06 04:00:00",off-peak
0.005,"2026-03-06 03:30:00",off-peak
0.022,"2026-03-06 03:00:00",off-peak
0.007,"2026-03-06 02:30:00",off-peak
0.006,"2026-03-06 02:00:00",off-peak
0.023,"2026-03-06 01:30:00",base
0.006,"2026-03-06 01:00:00",base
0.014,"2026-03-06 00:30:00",base
0.025,"2026-03-06 00:00:00",base
0.02,"2026-03-05 23:30:00",base
0.025,"2026-03-05 23:00:00",base
0.006,"2026-03-05 22:30:00",base
0.017,"2026-03-05 22:00:00",base
0.035,"2026-03-05 21:30:00",base
0.057,"2026-03-05 21:00:00",base
0.075,"2026-03-05 20:30:00",base
0.057,"2026-03-05 20:00:00",base
0.129,"2026-03-05 19:30:00",base
0.122,"2026-03-05 19:00:00",base
0.111,"2026-03-05 18:30:00",peak
0.139,"2026-03-05 18:00:00",peak
0.101,"2026-03-05 17:30:00",peak
0.07,"2026-03-05 17:00:00",peak
0.08,"2026-03-05 16:30:00",peak
0.064,"2026-03-05 16:00:00",peak
0.085,"2026-03-05 15:30:00",base
1.28,"2026-03-05 15:00:00",base
0.085,"2026-03-05 14:30:00",base
0.108,"2026-03-05 14:00:00",base
0.089,"2026-03-05 13:30:00",base
0.037,"2026-03-05 13:00:00",base
0.12,"2026-03-05 12:30:00",base
0.09,"2026-03-05 12:00:00",base
0.041,"2026-03-05 11:30:00",base
0.046,"2026-03-05 11:00:00",base
0.041,"2026-03-05 10:30:00",base
0.049,"2026-03-05 10:00:00",base
0.034,"2026-03-05 09:30:00",base
0.036,"2026-03-05 09:00:00",base
0.054,"2026-03-05 08:30:00",base
0.016,"2026-03-05 08:00:00",base
0.019,"2026-03-05 07:30:00",base
0.056,"2026-03-05 07:00:00",base
0.322,"2026-03-05 06:30:00",base
0.026,"2026-03-05 06:00:00",base
0.015,"2026-03-05 05:30:00",base
0.02,"2026-03-05 05:00:00",base
1.37,"2026-03-05 04:30:00",off-peak
1.767,"2026-03-05 04:00:00",off-peak
0.347,"2026-03-05 03:30:00",off-peak
0.022,"2026-03-05 03:00:00",off-peak
0.005,"2026-03-05 02:30:00",off-peak
0.03,"2026-03-05 02:00:00",off-peak
0.02,"2026-03-05 01:30:00",base
0.013,"2026-03-05 01:00:00",base
0.016,"2026-03-05 00:30:00",base
0.008,"2026-03-05 00:00:00",base
0.021,"2026-03-04 23:30:00",base
0.01,"2026-03-04 23:00:00",base
0.023,"2026-03-04 22:30:00",base
0.039,"2026-03-04 22:00:00",base
0.116,"2026-03-04 21:30:00",base
0.117,"2026-03-04 21:00:00",base
0.138,"2026-03-04 20:30:00",base
0.508,"2026-03-04 20:00:00",base
0.765,"2026-03-04 19:30:00",base
0.949,"2026-03-04 19:00:00",base
0.334,"2026-03-04 18:30:00",peak
0.045,"2026-03-04 18:00:00",peak
0.028,"2026-03-04 17:30:00",peak
0.053,"2026-03-04 17:00:00",peak
0.044,"2026-03-04 16:30:00",peak
0.357,"2026-03-04 16:00:00",peak
0.02,"2026-03-04 15:30:00",base
0.566,"2026-03-04 15:00:00",base
0.038,"2026-03-04 14:30:00",base
0.034,"2026-03-04 14:00:00",base
0.031,"2026-03-04 13:30:00",base
0.005,"2026-03-04 13:00:00",base
0.048,"2026-03-04 12:30:00",base
0.042,"2026-03-04 12:00:00",base
0.164,"2026-03-04 11:30:00",base
0.747,"2026-03-04 11:00:00",base
0.154,"2026-03-04 10:30:00",base
0.04,"2026-03-04 10:00:00",base
0.054,"2026-03-04 09:30:00",base
0.044,"2026-03-04 09:00:00",base
0.051,"2026-03-04 08:30:00",base
0.272,"2026-03-04 08:00:00",base
0.008,"2026-03-04 07:30:00",base
0.005,"2026-03-04 07:00:00",base
0.025,"2026-03-04 06:30:00",base
0.005,"2026-03-04 06:00:00",base
0.005,"2026-03-04 05:30:00",base
0.042,"2026-03-04 05:00:00",base
1.348,"2026-03-04 04:30:00",off-peak
1.338,"2026-03-04 04:00:00",off-peak
0.034,"2026-03-04 03:30:00",off-peak
0.017,"2026-03-04 03:00:00",off-peak
0.007,"2026-03-04 02:30:00",off-peak
0.023,"2026-03-04 02:00:00",off-peak
0.005,"2026-03-04 01:30:00",base
0.01,"2026-03-04 01:00:00",base
0.02,"2026-03-04 00:30:00",base
0.005,"2026-03-04 00:00:00",base
0.013,"2026-03-03 23:30:00",base
0.019,"2026-03-03 23:00:00",base
0.024,"2026-03-03 22:30:00",base
0.018,"2026-03-03 22:00:00",base
0.014,"2026-03-03 21:30:00",base
0.045,"2026-03-03 21:00:00",base
0.123,"2026-03-03 20:30:00",base
0.113,"2026-03-03 20:00:00",base
0.049,"2026-03-03 19:30:00",base
0.031,"2026-03-03 19:00:00",base
0.013,"2026-03-03 18:30:00",peak
0.031,"2026-03-03 18:00:00",peak
0.041,"2026-03-03 17:30:00",peak
0.059,"2026-03-03 17:00:00",peak
0.115,"2026-03-03 16:30:00",peak
0.118,"2026-03-03 16:00:00",peak
0.032,"2026-03-03 15:30:00",base
1.332,"2026-03-03 15:00:00",base
0.043,"2026-03-03 14:30:00",base
0.022,"2026-03-03 14:00:00",base
0.051,"2026-03-03 13:30:00",base
0.042,"2026-03-03 13:00:00",base
0.015,"2026-03-03 12:30:00",base
0.026,"2026-03-03 12:00:00",base
0.05,"2026-03-03 11:30:00",base
0.042,"2026-03-03 11:00:00",base
0.05,"2026-03-03 10:30:00",base
0.056,"2026-03-03 10:00:00",base
0.056,"2026-03-03 09:30:00",base
0.095,"2026-03-03 09:00:00",base
0.136,"2026-03-03 08:30:00",base
0.085,"2026-03-03 08:00:00",base
0.024,"2026-03-03 07:30:00",base
0.008,"2026-03-03 07:00:00",base
0.021,"2026-03-03 06:30:00",base
0.286,"2026-03-03 06:00:00",base
0.374,"2026-03-03 05:30:00",base
0.411,"2026-03-03 05:00:00",base
1.82,"2026-03-03 04:30:00",off-peak
1.86,"2026-03-03 04:00:00",off-peak
0.175,"2026-03-03 03:30:00",off-peak
0.061,"2026-03-03 03:00:00",off-peak
0.156,"2026-03-03 02:30:00",off-peak
0.727,"2026-03-03 02:00:00",off-peak
0.108,"2026-03-03 01:30:00",base
0.011,"2026-03-03 01:00:00",base
0.031,"2026-03-03 00:30:00",base
0.018,"2026-03-03 00:00:00",base
0.024,"2026-03-02 23:30:00",base
0.009,"2026-03-02 23:00:00",base
0.012,"2026-03-02 22:30:00",base
0.021,"2026-03-02 22:00:00",base
0.051,"2026-03-02 21:30:00",base
0.132,"2026-03-02 21:00:00",base
0.079,"2026-03-02 20:30:00",base
0.1,"2026-03-02 20:00:00",base
0.084,"2026-03-02 19:30:00",base
0.482,"2026-03-02 19:00:00",base
0.034,"2026-03-02 18:30:00",peak
0.019,"2026-03-02 18:00:00",peak
0.027,"2026-03-02 17:30:00",peak
0.01,"2026-03-02 17:00:00",peak
0.044,"2026-03-02 16:30:00",peak
0.02,"2026-03-02 16:00:00",peak
0.285,"2026-03-02 15:30:00",base
1.424,"2026-03-02 15:00:00",base
0.051,"2026-03-02 14:30:00",base
0.042,"2026-03-02 14:00:00",base
0.043,"2026-03-02 13:30:00",base
0.061,"2026-03-02 13:00:00",base
0.103,"2026-03-02 12:30:00",base
0.106,"2026-03-02 12:00:00",base
0.041,"2026-03-02 11:30:00",base
0.041,"2026-03-02 11:00:00",base
0.043,"2026-03-02 10:30:00",base
0.052,"2026-03-02 10:00:00",base
0.061,"2026-03-02 09:30:00",base
0.057,"2026-03-02 09:00:00",base
0.037,"2026-03-02 08:30:00",base
0.006,"2026-03-02 08:00:00",base
0.006,"2026-03-02 07:30:00",base
0.017,"2026-03-02 07:00:00",base
0.071,"2026-03-02 06:30:00",base
0.166,"2026-03-02 06:00:00",base
0.371,"2026-03-02 05:30:00",base
0.416,"2026-03-02 05:00:00",base
1.769,"2026-03-02 04:30:00",off-peak
1.852,"2026-03-02 04:00:00",off-peak
0.12,"2026-03-02 03:30:00",off-peak
0.093,"2026-03-02 03:00:00",off-peak
0.406,"2026-03-02 02:30:00",off-peak
1.108,"2026-03-02 02:00:00",off-peak
0.037,"2026-03-02 01:30:00",base
0.025,"2026-03-02 01:00:00",base
0.017,"2026-03-02 00:30:00",base
0.018,"2026-03-02 00:00:00",base
0.017,"2026-03-01 23:30:00",base
0.017,"2026-03-01 23:00:00",base
0.017,"2026-03-01 22:30:00",base
0.026,"2026-03-01 22:00:00",base
0.03,"2026-03-01 21:30:00",base
0.013,"2026-03-01 21:00:00",base
0.046,"2026-03-01 20:30:00",base
0.084,"2026-03-01 20:00:00",base
0.074,"2026-03-01 19:30:00",base
0.064,"2026-03-01 19:00:00",base
0.27,"2026-03-01 18:30:00",peak
0.303,"2026-03-01 18:00:00",peak
0.214,"2026-03-01 17:30:00",peak
0.079,"2026-03-01 17:00:00",peak
0.06,"2026-03-01 16:30:00",peak
0.078,"2026-03-01 16:00:00",peak
0.834,"2026-03-01 15:30:00",base
1.3,"2026-03-01 15:00:00",base
0.105,"2026-03-01 14:30:00",base
0.143,"2026-03-01 14:00:00",base
0.176,"2026-03-01 13:30:00",base
0.269,"2026-03-01 13:00:00",base
0.063,"2026-03-01 12:30:00",base
0.357,"2026-03-01 12:00:00",base
0.353,"2026-03-01 11:30:00",base
0.044,"2026-03-01 11:00:00",base
0.022,"2026-03-01 10:30:00",base
0.024,"2026-03-01 10:00:00",base
0.012,"2026-03-01 09:30:00",base
0.005,"2026-03-01 09:00:00",base
0.026,"2026-03-01 08:30:00",base
0.005,"2026-03-01 08:00:00",base
0.005,"2026-03-01 07:30:00",base
0.037,"2026-03-01 07:00:00",base
0.011,"2026-03-01 06:30:00",base
0.006,"2026-03-01 06:00:00",base
0.025,"2026-03-01 05:30:00",base
0.021,"2026-03-01 05:00:00",base
1.353,"2026-03-01 04:30:00",off-peak
1.39,"2026-03-01 04:00:00",off-peak
0.019,"2026-03-01 03:30:00",off-peak
0.015,"2026-03-01 03:00:00",off-peak
0.518,"2026-03-01 02:30:00",off-peak
0.293,"2026-03-01 02:00:00",off-peak
0.017,"2026-03-01 01:30:00",base
0.018,"2026-03-01 01:00:00",base
0.009,"2026-03-01 00:30:00",base
0.039,"2026-03-01 00:00:00",base
0.064,"2026-02-28 23:30:00",base
0.13,"2026-02-28 23:00:00",base
0.123,"2026-02-28 22:30:00",base
0.1,"2026-02-28 22:00:00",base
0.109,"2026-02-28 21:30:00",base
0.075,"2026-02-28 21:00:00",base
0.068,"2026-02-28 20:30:00",base
0.123,"2026-02-28 20:00:00",base
0.343,"2026-02-28 19:30:00",base
0.288,"2026-02-28 19:00:00",base
0.066,"2026-02-28 18:30:00",peak
0.026,"2026-02-28 18:00:00",peak
0.037,"2026-02-28 17:30:00",peak
0.059,"2026-02-28 17:00:00",peak
0.054,"2026-02-28 16:30:00",peak
0.065,"2026-02-28 16:00:00",peak
0.073,"2026-02-28 15:30:00",base
0.362,"2026-02-28 15:00:00",base
0.125,"2026-02-28 14:30:00",base
0.496,"2026-02-28 14:00:00",base
0.006,"2026-02-28 13:30:00",base
0.03,"2026-02-28 13:00:00",base
0.008,"2026-02-28 12:30:00",base
0.015,"2026-02-28 12:00:00",base
0.031,"2026-02-28 11:30:00",base
0.195,"2026-02-28 11:00:00",base
0.026,"2026-02-28 10:30:00",base
0.01,"2026-02-28 10:00:00",base
0.013,"2026-02-28 09:30:00",base
0.02,"2026-02-28 09:00:00",base
0.012,"2026-02-28 08:30:00",base
0.005,"2026-02-28 08:00:00",base
0.03,"2026-02-28 07:30:00",base
0.009,"2026-02-28 07:00:00",base
0.005,"2026-02-28 06:30:00",base
0.03,"2026-02-28 06:00:00",base
0.013,"2026-02-28 05:30:00",base
0.022,"2026-02-28 05:00:00",base
1.395,"2026-02-28 04:30:00",off-peak
1.366,"2026-02-28 04:00:00",off-peak
0.011,"2026-02-28 03:30:00",off-peak
0.018,"2026-02-28 03:00:00",off-peak
0.011,"2026-02-28 02:30:00",off-peak
0.026,"2026-02-28 02:00:00",off-peak
0.005,"2026-02-28 01:30:00",base
0.013,"2026-02-28 01:00:00",base
0.027,"2026-02-28 00:30:00",base
0.015,"2026-02-28 00:00:00",base
0.072,"2026-02-27 23:30:00",base
0.074,"2026-02-27 23:00:00",base
0.085,"2026-02-27 22:30:00",base
0.066,"2026-02-27 22:00:00",base
0.078,"2026-02-27 21:30:00",base
0.081,"2026-02-27 21:00:00",base
0.078,"2026-02-27 20:30:00",base
0.074,"2026-02-27 20:00:00",base
0.074,"2026-02-27 19:30:00",base
0.215,"2026-02-27 19:00:00",base
0.362,"2026-02-27 18:30:00",peak
0.214,"2026-02-27 18:00:00",peak
0.109,"2026-02-27 17:30:00",peak
0.09,"2026-02-27 17:00:00",peak
0.027,"2026-02-27 16:30:00",peak
0.049,"2026-02-27 16:00:00",peak
0.04,"2026-02-27 15:30:00",base
1.143,"2026-02-27 15:00:00",base
0.566,"2026-02-27 14:30:00",base
0.05,"2026-02-27 14:00:00",base
0.031,"2026-02-27 13:30:00",base
0.044,"2026-02-27 13:00:00",base
0.047,"2026-02-27 12:30:00",base
0.043,"2026-02-27 12:00:00",base
0.061,"2026-02-27 11:30:00",base
0.036,"2026-02-27 11:00:00",base
0.036,"2026-02-27 10:30:00",base
0.079,"2026-02-27 10:00:00",base
0.063,"2026-02-27 09:30:00",base
0.078,"2026-02-27 09:00:00",base
0.219,"2026-02-27 08:30:00",base
0.017,"2026-02-27 08:00:00",base
0.022,"2026-02-27 07:30:00",base
0.024,"2026-02-27 07:00:00",base
0.008,"2026-02-27 06:30:00",base
0.026,"2026-02-27 06:00:00",base
0.017,"2026-02-27 05:30:00",base
0.025,"2026-02-27 05:00:00",base
1.36,"2026-02-27 04:30:00",off-peak
1.371,"2026-02-27 04:00:00",off-peak
0.093,"2026-02-27 03:30:00",off-peak
0.721,"2026-02-27 03:00:00",off-peak
0.014,"2026-02-27 02:30:00",off-peak
0.029,"2026-02-27 02:00:00",off-peak
0.008,"2026-02-27 01:30:00",base
0.019,"2026-02-27 01:00:00",base
0.024,"2026-02-27 00:30:00",base
0.007,"2026-02-27 00:00:00",base
0.027,"2026-02-26 23:30:00",base
0.016,"2026-02-26 23:00:00",base
0.025,"2026-02-26 22:30:00",base
0.012,"2026-02-26 22:00:00",base
0.075,"2026-02-26 21:30:00",base
0.073,"2026-02-26 21:00:00",base
0.218,"2026-02-26 20:30:00",base
0.094,"2026-02-26 20:00:00",base
0.089,"2026-02-26 19:30:00",base
0.114,"2026-02-26 19:00:00",base
0.567,"2026-02-26 18:30:00",peak
0.232,"2026-02-26 18:00:00",peak
0.028,"2026-02-26 17:30:00",peak
0.018,"2026-02-26 17:00:00",peak
0.014,"2026-02-26 16:30:00",peak
0.015,"2026-02-26 16:00:00",peak
0.037,"2026-02-26 15:30:00",base
0.956,"2026-02-26 15:00:00",base
0.051,"2026-02-26 14:30:00",base
0.065,"2026-02-26 14:00:00",base
0.22,"2026-02-26 13:30:00",base
0.128,"2026-02-26 13:00:00",base
0.055,"2026-02-26 12:30:00",base
0.031,"2026-02-26 12:00:00",base
0.062,"2026-02-26 11:30:00",base
0.586,"2026-02-26 11:00:00",base
0.857,"2026-02-26 10:30:00",base
0.061,"2026-02-26 10:00:00",base
0.031,"2026-02-26 09:30:00",base
0.048,"2026-02-26 09:00:00",base
0.049,"2026-02-26 08:30:00",base
0.011,"2026-02-26 08:00:00",base
0.024,"2026-02-26 07:30:00",base
0.04,"2026-02-26 07:00:00",base
0.326,"2026-02-26 06:30:00",base
0.377,"2026-02-26 06:00:00",base
0.392,"2026-02-26 05:30:00",base
0.4,"2026-02-26 05:00:00",base
1.773,"2026-02-26 04:30:00",off-peak
1.781,"2026-02-26 04:00:00",off-peak
0.065,"2026-02-26 03:30:00",off-peak
0.536,"2026-02-26 03:00:00",off-peak
0.381,"2026-02-26 02:30:00",off-peak
0.559,"2026-02-26 02:00:00",off-peak
0.033,"2026-02-26 01:30:00",base
0.015,"2026-02-26 01:00:00",base
0.01,"2026-02-26 00:30:00",base
0.023,"2026-02-26 00:00:00",base
0.016,"2026-02-25 23:30:00",base
0.018,"2026-02-25 23:00:00",base
0.019,"2026-02-25 22:30:00",base
0.016,"2026-02-25 22:00:00",base
0.031,"2026-02-25 21:30:00",base
0.141,"2026-02-25 21:00:00",base
0.137,"2026-02-25 20:30:00",base
0.105,"2026-02-25 20:00:00",base
0.097,"2026-02-25 19:30:00",base
0.133,"2026-02-25 19:00:00",base
0.213,"2026-02-25 18:30:00",peak
0.544,"2026-02-25 18:00:00",peak
0.226,"2026-02-25 17:30:00",peak
0.12,"2026-02-25 17:00:00",peak
0.129,"2026-02-25 16:30:00",peak
0.05,"2026-02-25 16:00:00",peak
0.309,"2026-02-25 15:30:00",base
1.07,"2026-02-25 15:00:00",base
0.019,"2026-02-25 14:30:00",base
0.035,"2026-02-25 14:00:00",base
0.021,"2026-02-25 13:30:00",base
0.044,"2026-02-25 13:00:00",base
0.047,"2026-02-25 12:30:00",base
0.229,"2026-02-25 12:00:00",base
0.055,"2026-02-25 11:30:00",base
0.04,"2026-02-25 11:00:00",base
0.028,"2026-02-25 10:30:00",base
0.054,"2026-02-25 10:00:00",base
0.042,"2026-02-25 09:30:00",base
0.049,"2026-02-25 09:00:00",base
0.081,"2026-02-25 08:30:00",base
0.014,"2026-02-25 08:00:00",base
0.02,"2026-02-25 07:30:00",base
0.104,"2026-02-25 07:00:00",base
0.004,"2026-02-25 06:30:00",base
0.02,"2026-02-25 06:00:00",base
0.016,"2026-02-25 05:30:00",base
0.02,"2026-02-25 05:00:00",base
1.377,"2026-02-25 04:30:00",off-peak
1.355,"2026-02-25 04:00:00",off-peak
0.006,"2026-02-25 03:30:00",off-peak
0.112,"2026-02-25 03:00:00",off-peak
0.088,"2026-02-25 02:30:00",off-peak
0.38,"2026-02-25 02:00:00",off-peak
0.023,"2026-02-25 01:30:00",base
0.008,"2026-02-25 01:00:00",base
0.019,"2026-02-25 00:30:00",base
0.017,"2026-02-25 00:00:00",base
0.007,"2026-02-24 23:30:00",base
0.027,"2026-02-24 23:00:00",base
0.01,"2026-02-24 22:30:00",base
0.006,"2026-02-24 22:00:00",base
0.034,"2026-02-24 21:30:00",base
0.009,"2026-02-24 21:00:00",base
0.056,"2026-02-24 20:30:00",base
0.068,"2026-02-24 20:00:00",base
0.063,"2026-02-24 19:30:00",base
0.127,"2026-02-24 19:00:00",base
0.117,"2026-02-24 18:30:00",peak
0.231,"2026-02-24 18:00:00",peak
0.679,"2026-02-24 17:30:00",peak
0.057,"2026-02-24 17:00:00",peak
0.013,"2026-02-24 16:30:00",peak
0.022,"2026-02-24 16:00:00",peak
0.035,"2026-02-24 15:30:00",base
1.14,"2026-02-24 15:00:00",base
0.046,"2026-02-24 14:30:00",base
0.047,"2026-02-24 14:00:00",base
0.015,"2026-02-24 13:30:00",base
0.027,"2026-02-24 13:00:00",base
0.031,"2026-02-24 12:30:00",base
0.033,"2026-02-24 12:00:00",base
0.062,"2026-02-24 11:30:00",base
0.45,"2026-02-24 11:00:00",base
0.667,"2026-02-24 10:30:00",base
0.202,"2026-02-24 10:00:00",base
0.098,"2026-02-24 09:30:00",base
0.093,"2026-02-24 09:00:00",base
0.115,"2026-02-24 08:30:00",base
0.25,"2026-02-24 08:00:00",base
0.049,"2026-02-24 07:30:00",base
0.073,"2026-02-24 07:00:00",base
0.044,"2026-02-24 06:30:00",base
0.044,"2026-02-24 06:00:00",base
0.073,"2026-02-24 05:30:00",base
0.06,"2026-02-24 05:00:00",base
1.388,"2026-02-24 04:30:00",off-peak
1.401,"2026-02-24 04:00:00",off-peak
0.044,"2026-02-24 03:30:00",off-peak
0.048,"2026-02-24 03:00:00",off-peak
0.069,"2026-02-24 02:30:00",off-peak
0.045,"2026-02-24 02:00:00",off-peak
0.052,"2026-02-24 01:30:00",base
0.063,"2026-02-24 01:00:00",base
0.046,"2026-02-24 00:30:00",base
0.057,"2026-02-24 00:00:00",base
0.057,"2026-02-23 23:30:00",base
0.048,"2026-02-23 23:00:00",base
0.065,"2026-02-23 22:30:00",base
0.049,"2026-02-23 22:00:00",base
0.423,"2026-02-23 21:30:00",base
0.538,"2026-02-23 21:00:00",base
0.526,"2026-02-23 20:30:00",base
0.162,"2026-02-23 20:00:00",base
0.083,"2026-02-23 19:30:00",base
0.106,"2026-02-23 19:00:00",base
0.155,"2026-02-23 18:30:00",peak
0.684,"2026-02-23 18:00:00",peak
0.271,"2026-02-23 17:30:00",peak
0.182,"2026-02-23 17:00:00",peak
0.117,"2026-02-23 16:30:00",peak
0.054,"2026-02-23 16:00:00",peak
0.045,"2026-02-23 15:30:00",base
0.861,"2026-02-23 15:00:00",base
0.113,"2026-02-23 14:30:00",base
0.252,"2026-02-23 14:00:00",base
0.026,"2026-02-23 13:30:00",base
0.724,"2026-02-23 13:00:00",base
0.146,"2026-02-23 12:30:00",base
0.644,"2026-02-23 12:00:00",base
0.365,"2026-02-23 11:30:00",base
0.039,"2026-02-23 11:00:00",base
0.041,"2026-02-23 10:30:00",base
0.06,"2026-02-23 10:00:00",base
0.244,"2026-02-23 09:30:00",base
0.533,"2026-02-23 09:00:00",base
0.154,"2026-02-23 08:30:00",base
0.008,"2026-02-23 08:00:00",base
0.019,"2026-02-23 07:30:00",base
0.02,"2026-02-23 07:00:00",base
0.212,"2026-02-23 06:30:00",base
0.364,"2026-02-23 06:00:00",base
0.382,"2026-02-23 05:30:00",base
0.406,"2026-02-23 05:00:00",base
1.763,"2026-02-23 04:30:00",off-peak
1.808,"2026-02-23 04:00:00",off-peak
0.059,"2026-02-23 03:30:00",off-peak
0.111,"2026-02-23 03:00:00",off-peak
0.356,"2026-02-23 02:30:00",off-peak
0.603,"2026-02-23 02:00:00",off-peak
0.018,"2026-02-23 01:30:00",base
0.023,"2026-02-23 01:00:00",base
0.006,"2026-02-23 00:30:00",base
0.019,"2026-02-23 00:00:00",base
0.02,"2026-02-22 23:30:00",base
0.027,"2026-02-22 23:00:00",base
0.292,"2026-02-22 22:30:00",base
0.016,"2026-02-22 22:00:00",base
0.011,"2026-02-22 21:30:00",base
0.026,"2026-02-22 21:00:00",base
0.02,"2026-02-22 20:30:00",base
0.009,"2026-02-22 20:00:00",base
0.02,"2026-02-22 19:30:00",base
0.029,"2026-02-22 19:00:00",base
0.057,"2026-02-22 18:30:00",peak
0.061,"2026-02-22 18:00:00",peak
0.063,"2026-02-22 17:30:00",peak
0.072,"2026-02-22 17:00:00",peak
0.079,"2026-02-22 16:30:00",peak
0.117,"2026-02-22 16:00:00",peak
0.07,"2026-02-22 15:30:00",base
1.311,"2026-02-22 15:00:00",base
0.096,"2026-02-22 14:30:00",base
0.064,"2026-02-22 14:00:00",base
0.004,"2026-02-22 13:30:00",base
0.028,"2026-02-22 13:00:00",base
0.011,"2026-02-22 12:30:00",base
0.007,"2026-02-22 12:00:00",base
0.025,"2026-02-22 11:30:00",base
0.02,"2026-02-22 11:00:00",base
0.033,"2026-02-22 10:30:00",base
0.092,"2026-02-22 10:00:00",base
0.253,"2026-02-22 09:30:00",base
0.02,"2026-02-22 09:00:00",base
0.015,"2026-02-22 08:30:00",base
0.025,"2026-02-22 08:00:00",base
0.008,"2026-02-22 07:30:00",base
0.01,"2026-02-22 07:00:00",base
0.021,"2026-02-22 06:30:00",base
0.008,"2026-02-22 06:00:00",base
0.013,"2026-02-22 05:30:00",base
0.031,"2026-02-22 05:00:00",base
1.363,"2026-02-22 04:30:00",off-peak
1.346,"2026-02-22 04:00:00",off-peak
0.011,"2026-02-22 03:30:00",off-peak
0.019,"2026-02-22 03:00:00",off-peak
0.013,"2026-02-22 02:30:00",off-peak
0.006,"2026-02-22 02:00:00",off-peak
0.025,"2026-02-22 01:30:00",base
0.012,"2026-02-22 01:00:00",base
0.005,"2026-02-22 00:30:00",base
0.028,"2026-02-22 00:00:00",base
0.013,"2026-02-21 23:30:00",base
0.009,"2026-02-21 23:00:00",base
0.04,"2026-02-21 22:30:00",base
0.016,"2026-02-21 22:00:00",base
0.014,"2026-02-21 21:30:00",base
0.04,"2026-02-21 21:00:00",base
0.103,"2026-02-21 20:30:00",base
0.131,"2026-02-21 20:00:00",base
0.241,"2026-02-21 19:30:00",base
0.202,"2026-02-21 19:00:00",base
0.166,"2026-02-21 18:30:00",peak
0.018,"2026-02-21 18:00:00",peak
0.024,"2026-02-21 17:30:00",peak
0.024,"2026-02-21 17:00:00",peak
0.014,"2026-02-21 16:30:00",peak
0.005,"2026-02-21 16:00:00",peak
0.257,"2026-02-21 15:30:00",base
0.917,"2026-02-21 15:00:00",base
0.016,"2026-02-21 14:30:00",base
0.039,"2026-02-21 14:00:00",base
0.012,"2026-02-21 13:30:00",base
0.005,"2026-02-21 13:00:00",base
0.014,"2026-02-21 12:30:00",base
0.151,"2026-02-21 12:00:00",base
0.097,"2026-02-21 11:30:00",base
0.025,"2026-02-21 11:00:00",base
0.036,"2026-02-21 10:30:00",base
0.435,"2026-02-21 10:00:00",base
0.46,"2026-02-21 09:30:00",base
0.107,"2026-02-21 09:00:00",base
0.292,"2026-02-21 08:30:00",base
0.017,"2026-02-21 08:00:00",base
0.008,"2026-02-21 07:30:00",base
0.051,"2026-02-21 07:00:00",base
0.334,"2026-02-21 06:30:00",base
0.365,"2026-02-21 06:00:00",base
0.377,"2026-02-21 05:30:00",base
0.407,"2026-02-21 05:00:00",base
1.824,"2026-02-21 04:30:00",off-peak
1.649,"2026-02-21 04:00:00",off-peak
0.072,"2026-02-21 03:30:00",off-peak
0.129,"2026-02-21 03:00:00",off-peak
0.641,"2026-02-21 02:30:00",off-peak
0.197,"2026-02-21 02:00:00",off-peak
0.007,"2026-02-21 01:30:00",base
0.036,"2026-02-21 01:00:00",base
0.022,"2026-02-21 00:30:00",base
0.006,"2026-02-21 00:00:00",base
0.015,"2026-02-20 23:30:00",base
0.006,"2026-02-20 23:00:00",base
0.011,"2026-02-20 22:30:00",base
0.043,"2026-02-20 22:00:00",base
0.646,"2026-02-20 21:30:00",base
0.791,"2026-02-20 21:00:00",base
0.796,"2026-02-20 20:30:00",base
0.546,"2026-02-20 20:00:00",base
0.065,"2026-02-20 19:30:00",base
0.079,"2026-02-20 19:00:00",base
0.144,"2026-02-20 18:30:00",peak
0.168,"2026-02-20 18:00:00",peak
0.313,"2026-02-20 17:30:00",peak
0.736,"2026-02-20 17:00:00",peak
0.506,"2026-02-20 16:30:00",peak
0.118,"2026-02-20 16:00:00",peak
0.075,"2026-02-20 15:30:00",base
1.393,"2026-02-20 15:00:00",base
0.388,"2026-02-20 14:30:00",base
0.678,"2026-02-20 14:00:00",base
0.436,"2026-02-20 13:30:00",base
0.13,"2026-02-20 13:00:00",base
0.637,"2026-02-20 12:30:00",base
0.089,"2026-02-20 12:00:00",base
0.06,"2026-02-20 11:30:00",base
0.066,"2026-02-20 11:00:00",base
0.193,"2026-02-20 10:30:00",base
0.191,"2026-02-20 10:00:00",base
0.104,"2026-02-20 09:30:00",base
0.085,"2026-02-20 09:00:00",base
0.101,"2026-02-20 08:30:00",base
0.027,"2026-02-20 08:00:00",base
0.013,"2026-02-20 07:30:00",base
0.009,"2026-02-20 07:00:00",base
0.024,"2026-02-20 06:30:00",base
0.017,"2026-02-20 06:00:00",base
0.005,"2026-02-20 05:30:00",base
0.033,"2026-02-20 05:00:00",base
1.359,"2026-02-20 04:30:00",off-peak
1.381,"2026-02-20 04:00:00",off-peak
1.379,"2026-02-20 03:30:00",off-peak
0.025,"2026-02-20 03:00:00",off-peak
0.007,"2026-02-20 02:30:00",off-peak
0.012,"2026-02-20 02:00:00",off-peak
0.027,"2026-02-20 01:30:00",base
0.016,"2026-02-20 01:00:00",base
0.005,"2026-02-20 00:30:00",base
0.021,"2026-02-20 00:00:00",base
0.022,"2026-02-19 23:30:00",base
0.007,"2026-02-19 23:00:00",base
0.023,"2026-02-19 22:30:00",base
0.021,"2026-02-19 22:00:00",base
0.089,"2026-02-19 21:30:00",base
0.538,"2026-02-19 21:00:00",base
0.625,"2026-02-19 20:30:00",base
0.22,"2026-02-19 20:00:00",base
0.06,"2026-02-19 19:30:00",base
0.083,"2026-02-19 19:00:00",base
0.079,"2026-02-19 18:30:00",peak
0.346,"2026-02-19 18:00:00",peak
0.14,"2026-02-19 17:30:00",peak
0.011,"2026-02-19 17:00:00",peak
0.032,"2026-02-19 16:30:00",peak
0.034,"2026-02-19 16:00:00",peak
0.229,"2026-02-19 15:30:00",base
1.034,"2026-02-19 15:00:00",base
0.059,"2026-02-19 14:30:00",base
0.027,"2026-02-19 14:00:00",base
0.272,"2026-02-19 13:30:00",base
0.51,"2026-02-19 13:00:00",base
0.129,"2026-02-19 12:30:00",base
0.029,"2026-02-19 12:00:00",base
0.136,"2026-02-19 11:30:00",base
0.413,"2026-02-19 11:00:00",base
0.047,"2026-02-19 10:30:00",base
0.056,"2026-02-19 10:00:00",base
0.037,"2026-02-19 09:30:00",base
0.051,"2026-02-19 09:00:00",base
0.274,"2026-02-19 08:30:00",base
0.007,"2026-02-19 08:00:00",base
0.005,"2026-02-19 07:30:00",base
0.029,"2026-02-19 07:00:00",base
0.135,"2026-02-19 06:30:00",base
0.01,"2026-02-19 06:00:00",base
0.02,"2026-02-19 05:30:00",base
0.031,"2026-02-19 05:00:00",base
1.393,"2026-02-19 04:30:00",off-peak
2.035,"2026-02-19 04:00:00",off-peak
1.802,"2026-02-19 03:30:00",off-peak
0.576,"2026-02-19 03:00:00",off-peak
0.008,"2026-02-19 02:30:00",off-peak
0.026,"2026-02-19 02:00:00",off-peak
0.007,"2026-02-19 01:30:00",base
0.007,"2026-02-19 01:00:00",base
0.027,"2026-02-19 00:30:00",base
0.006,"2026-02-19 00:00:00",base
0.006,"2026-02-18 23:30:00",base
0.025,"2026-02-18 23:00:00",base
0.009,"2026-02-18 22:30:00",base
0.007,"2026-02-18 22:00:00",base
0.029,"2026-02-18 21:30:00",base
0.016,"2026-02-18 21:00:00",base
0.064,"2026-02-18 20:30:00",base
0.227,"2026-02-18 20:00:00",base
0.311,"2026-02-18 19:30:00",base
0.15,"2026-02-18 19:00:00",base
0.168,"2026-02-18 18:30:00",peak
0.291,"2026-02-18 18:00:00",peak
0.339,"2026-02-18 17:30:00",peak
0.032,"2026-02-18 17:00:00",peak
0.031,"2026-02-18 16:30:00",peak
0.053,"2026-02-18 16:00:00",peak
0.232,"2026-02-18 15:30:00",base
0.743,"2026-02-18 15:00:00",base
0.055,"2026-02-18 14:30:00",base
0.043,"2026-02-18 14:00:00",base
0.06,"2026-02-18 13:30:00",base
0.245,"2026-02-18 13:00:00",base
0.025,"2026-02-18 12:30:00",base
0.039,"2026-02-18 12:00:00",base
0.274,"2026-02-18 11:30:00",base
0.257,"2026-02-18 11:00:00",base
0.405,"2026-02-18 10:30:00",base
0.508,"2026-02-18 10:00:00",base
0.349,"2026-02-18 09:30:00",base
0.045,"2026-02-18 09:00:00",base
0.056,"2026-02-18 08:30:00",base
0.013,"2026-02-18 08:00:00",base
0.006,"2026-02-18 07:30:00",base
0.094,"2026-02-18 07:00:00",base
0.574,"2026-02-18 06:30:00",base
0.37,"2026-02-18 06:00:00",base
0.393,"2026-02-18 05:30:00",base
0.431,"2026-02-18 05:00:00",base
1.817,"2026-02-18 04:30:00",off-peak
1.762,"2026-02-18 04:00:00",off-peak
1.445,"2026-02-18 03:30:00",off-peak
0.058,"2026-02-18 03:00:00",off-peak
0.174,"2026-02-18 02:30:00",off-peak
0.792,"2026-02-18 02:00:00",off-peak
0.073,"2026-02-18 01:30:00",base
0.019,"2026-02-18 01:00:00",base
0.007,"2026-02-18 00:30:00",base
0.028,"2026-02-18 00:00:00",base
0.008,"2026-02-17 23:30:00",base
0.026,"2026-02-17 23:00:00",base
0.014,"2026-02-17 22:30:00",base
0.756,"2026-02-17 22:00:00",base
0.154,"2026-02-17 21:30:00",base
0.183,"2026-02-17 21:00:00",base
0.052,"2026-02-17 20:30:00",base
0.008,"2026-02-17 20:00:00",base
0.027,"2026-02-17 19:30:00",base
0.013,"2026-02-17 19:00:00",base
0.014,"2026-02-17 18:30:00",peak
0.037,"2026-02-17 18:00:00",peak
0.027,"2026-02-17 17:30:00",peak
0.051,"2026-02-17 17:00:00",peak
0.072,"2026-02-17 16:30:00",peak
0.06,"2026-02-17 16:00:00",peak
0.065,"2026-02-17 15:30:00",base
0.6,"2026-02-17 15:00:00",base
0.046,"2026-02-17 14:30:00",base
0.059,"2026-02-17 14:00:00",base
0.04,"2026-02-17 13:30:00",base
0.022,"2026-02-17 13:00:00",base
0.023,"2026-02-17 12:30:00",base
0.059,"2026-02-17 12:00:00",base
0.364,"2026-02-17 11:30:00",base
0.367,"2026-02-17 11:00:00",base
0.086,"2026-02-17 10:30:00",base
0.057,"2026-02-17 10:00:00",base
0.059,"2026-02-17 09:30:00",base
0.101,"2026-02-17 09:00:00",base
0.191,"2026-02-17 08:30:00",base
0.064,"2026-02-17 08:00:00",base
0.085,"2026-02-17 07:30:00",base
0.073,"2026-02-17 07:00:00",base
0.472,"2026-02-17 06:30:00",base
0.383,"2026-02-17 06:00:00",base
0.375,"2026-02-17 05:30:00",base
0.396,"2026-02-17 05:00:00",base
1.807,"2026-02-17 04:30:00",off-peak
1.645,"2026-02-17 04:00:00",off-peak
1.397,"2026-02-17 03:30:00",off-peak
0.107,"2026-02-17 03:00:00",off-peak
0.462,"2026-02-17 02:30:00",off-peak
0.456,"2026-02-17 02:00:00",off-peak
0.007,"2026-02-17 01:30:00",base
0.023,"2026-02-17 01:00:00",base
0.006,"2026-02-17 00:30:00",base
0.005,"2026-02-17 00:00:00",base
0.025,"2026-02-16 23:30:00",base
0.005,"2026-02-16 23:00:00",base
0.006,"2026-02-16 22:30:00",base
0.025,"2026-02-16 22:00:00",base
0.005,"2026-02-16 21:30:00",base
0.008,"2026-02-16 21:00:00",base
0.166,"2026-02-16 20:30:00",base
0.022,"2026-02-16 20:00:00",base
0.025,"2026-02-16 19:30:00",base
0.047,"2026-02-16 19:00:00",base
0.026,"2026-02-16 18:30:00",peak
0.025,"2026-02-16 18:00:00",peak
0.047,"2026-02-16 17:30:00",peak
0.026,"2026-02-16 17:00:00",peak
0.27,"2026-02-16 16:30:00",peak
0.511,"2026-02-16 16:00:00",peak
0.098,"2026-02-16 15:30:00",base
1.28,"2026-02-16 15:00:00",base
0.046,"2026-02-16 14:30:00",base
0.04,"2026-02-16 14:00:00",base
0.03,"2026-02-16 13:30:00",base
0.14,"2026-02-16 13:00:00",base
0.231,"2026-02-16 12:30:00",base
0.052,"2026-02-16 12:00:00",base
0.061,"2026-02-16 11:30:00",base
0.256,"2026-02-16 11:00:00",base
0.082,"2026-02-16 10:30:00",base
0.06,"2026-02-16 10:00:00",base
0.027,"2026-02-16 09:30:00",base
0.02,"2026-02-16 09:00:00",base
0.018,"2026-02-16 08:30:00",base
0.039,"2026-02-16 08:00:00",base
0.014,"2026-02-16 07:30:00",base
0.028,"2026-02-16 07:00:00",base
0.042,"2026-02-16 06:30:00",base
0.022,"2026-02-16 06:00:00",base
0.262,"2026-02-16 05:30:00",base
0.041,"2026-02-16 05:00:00",base
1.364,"2026-02-16 04:30:00",off-peak
1.386,"2026-02-16 04:00:00",off-peak
1.377,"2026-02-16 03:30:00",off-peak
0.005,"2026-02-16 03:00:00",off-peak
0.032,"2026-02-16 02:30:00",off-peak
0.005,"2026-02-16 02:00:00",off-peak
0.016,"2026-02-16 01:30:00",base
0.022,"2026-02-16 01:00:00",base
0.005,"2026-02-16 00:30:00",base
0.054,"2026-02-16 00:00:00",base
0.063,"2026-02-15 23:30:00",base
0.751,"2026-02-15 23:00:00",base
0.621,"2026-02-15 22:30:00",base
0.473,"2026-02-15 22:00:00",base
0.491,"2026-02-15 21:30:00",base
0.49,"2026-02-15 21:00:00",base
0.486,"2026-02-15 20:30:00",base
0.502,"2026-02-15 20:00:00",base
0.482,"2026-02-15 19:30:00",base
0.47,"2026-02-15 19:00:00",base
0.498,"2026-02-15 18:30:00",peak
0.474,"2026-02-15 18:00:00",peak
0.467,"2026-02-15 17:30:00",peak
0.487,"2026-02-15 17:00:00",peak
0.471,"2026-02-15 16:30:00",peak
0.484,"2026-02-15 16:00:00",peak
1.872,"2026-02-15 15:30:00",base
1.85,"2026-02-15 15:00:00",base
0.561,"2026-02-15 14:30:00",base
0.879,"2026-02-15 14:00:00",base
0.306,"2026-02-15 13:30:00",base
1.371,"2026-02-15 13:00:00",base
0.01,"2026-02-15 12:30:00",base
0.014,"2026-02-15 12:00:00",base
0.003,"2026-02-15 11:30:00",base
0.007,"2026-02-15 11:00:00",base
0.018,"2026-02-15 10:30:00",base
0.003,"2026-02-15 10:00:00",base
0.004,"2026-02-15 09:30:00",base
0.021,"2026-02-15 09:00:00",base
0.003,"2026-02-15 08:30:00",base
0.003,"2026-02-15 08:00:00",base
0.021,"2026-02-15 07:30:00",base
0.003,"2026-02-15 07:00:00",base
0.003,"2026-02-15 06:30:00",base
0.021,"2026-02-15 06:00:00",base
0.003,"2026-02-15 05:30:00",base
0.003,"2026-02-15 05:00:00",base
0.021,"2026-02-15 04:30:00",off-peak
0.003,"2026-02-15 04:00:00",off-peak
0.003,"2026-02-15 03:30:00",off-peak
0.018,"2026-02-15 03:00:00",off-peak
0.007,"2026-02-15 02:30:00",off-peak
0.003,"2026-02-15 02:00:00",off-peak
0.014,"2026-02-15 01:30:00",base
0.01,"2026-02-15 01:00:00",base
0.003,"2026-02-15 00:30:00",base
0.011,"2026-02-15 00:00:00",base
0.013,"2026-02-14 23:30:00",base
0.003,"2026-02-14 23:00:00",base
0.008,"2026-02-14 22:30:00",base
0.017,"2026-02-14 22:00:00",base
0.003,"2026-02-14 21:30:00",base
0.005,"2026-02-14 21:00:00",base
0.019,"2026-02-14 20:30:00",base
0.003,"2026-02-14 20:00:00",base
0.003,"2026-02-14 19:30:00",base
0.021,"2026-02-14 19:00:00",base
0.003,"2026-02-14 18:30:00",peak
0.003,"2026-02-14 18:00:00",peak
0.022,"2026-02-14 17:30:00",peak
0.003,"2026-02-14 17:00:00",peak
0.003,"2026-02-14 16:30:00",peak
0.021,"2026-02-14 16:00:00",peak
0.003,"2026-02-14 15:30:00",base
0.003,"2026-02-14 15:00:00",base
0.021,"2026-02-14 14:30:00",base
0.003,"2026-02-14 14:00:00",base
0.003,"2026-02-14 13:30:00",base
0.018,"2026-02-14 13:00:00",base
0.006,"2026-02-14 12:30:00",base
0.003,"2026-02-14 12:00:00",base
0.015,"2026-02-14 11:30:00",base
0.01,"2026-02-14 11:00:00",base
0.003,"2026-02-14 10:30:00",base
0.011,"2026-02-14 10:00:00",base
0.014,"2026-02-14 09:30:00",base
0.003,"2026-02-14 09:00:00",base
0.008,"2026-02-14 08:30:00",base
0.016,"2026-02-14 08:00:00",base
0.003,"2026-02-14 07:30:00",base
0.005,"2026-02-14 07:00:00",base
0.019,"2026-02-14 06:30:00",base
0.003,"2026-02-14 06:00:00",base
0.003,"2026-02-14 05:30:00",base
0.021,"2026-02-14 05:00:00",base
0.003,"2026-02-14 04:30:00",off-peak
0.003,"2026-02-14 04:00:00",off-peak
0.022,"2026-02-14 03:30:00",off-peak
0.003,"2026-02-14 03:00:00",off-peak
0.003,"2026-02-14 02:30:00",off-peak
0.021,"2026-02-14 02:00:00",off-peak
0.003,"2026-02-14 01:30:00",base
0.003,"2026-02-14 01:00:00",base
0.018,"2026-02-14 00:30:00",base
0.007,"2026-02-14 00:00:00",base
0.003,"2026-02-13 23:30:00",base
0.013,"2026-02-13 23:00:00",base
0.011,"2026-02-13 22:30:00",base
0.003,"2026-02-13 22:00:00",base
0.01,"2026-02-13 21:30:00",base
0.015,"2026-02-13 21:00:00",base
0.003,"2026-02-13 20:30:00",base
0.005,"2026-02-13 20:00:00",base
0.02,"2026-02-13 19:30:00",base
0.003,"2026-02-13 19:00:00",base
0.003,"2026-02-13 18:30:00",peak
0.022,"2026-02-13 18:00:00",peak
0.003,"2026-02-13 17:30:00",peak
0.003,"2026-02-13 17:00:00",peak
0.022,"2026-02-13 16:30:00",peak
0.003,"2026-02-13 16:00:00",peak
0.003,"2026-02-13 15:30:00",base
0.018,"2026-02-13 15:00:00",base
0.007,"2026-02-13 14:30:00",base
0.002,"2026-02-13 14:00:00",base
0.015,"2026-02-13 13:30:00",base
0.01,"2026-02-13 13:00:00",base
0.003,"2026-02-13 12:30:00",base
0.011,"2026-02-13 12:00:00",base
0.014,"2026-02-13 11:30:00",base
0.003,"2026-02-13 11:00:00",base
0.007,"2026-02-13 10:30:00",base
0.018,"2026-02-13 10:00:00",base
0.003,"2026-02-13 09:30:00",base
0.004,"2026-02-13 09:00:00",base
0.02,"2026-02-13 08:30:00",base
0.003,"2026-02-13 08:00:00",base
0.003,"2026-02-13 07:30:00",base
0.022,"2026-02-13 07:00:00",base
0.003,"2026-02-13 06:30:00",base
0.003,"2026-02-13 06:00:00",base
0.022,"2026-02-13 05:30:00",base
0.003,"2026-02-13 05:00:00",base
0.003,"2026-02-13 04:30:00",off-peak
0.022,"2026-02-13 04:00:00",off-peak
0.003,"2026-02-13 03:30:00",off-peak
0.003,"2026-02-13 03:00:00",off-peak
0.02,"2026-02-13 02:30:00",off-peak
0.005,"2026-02-13 02:00:00",off-peak
0.003,"2026-02-13 01:30:00",base
0.018,"2026-02-13 01:00:00",base
0.006,"2026-02-13 00:30:00",base
0.003,"2026-02-13 00:00:00",base
0.017,"2026-02-12 23:30:00",base
0.008,"2026-02-12 23:00:00",base
0.003,"2026-02-12 22:30:00",base
0.015,"2026-02-12 22:00:00",base
0.01,"2026-02-12 21:30:00",base
0.003,"2026-02-12 21:00:00",base
0.013,"2026-02-12 20:30:00",base
0.012,"2026-02-12 20:00:00",base
0.003,"2026-02-12 19:30:00",base
0.011,"2026-02-12 19:00:00",base
0.014,"2026-02-12 18:30:00",peak
0.003,"2026-02-12 18:00:00",peak
0.011,"2026-02-12 17:30:00",peak
0.014,"2026-02-12 17:00:00",peak
0.003,"2026-02-12 16:30:00",peak
0.009,"2026-02-12 16:00:00",peak
0.016,"2026-02-12 15:30:00",base
0.002,"2026-02-12 15:00:00",base
0.01,"2026-02-12 14:30:00",base
0.015,"2026-02-12 14:00:00",base
0.003,"2026-02-12 13:30:00",base
0.009,"2026-02-12 13:00:00",base
0.017,"2026-02-12 12:30:00",base
0.003,"2026-02-12 12:00:00",base
0.007,"2026-02-12 11:30:00",base
0.018,"2026-02-12 11:00:00",base
0.002,"2026-02-12 10:30:00",base
0.007,"2026-02-12 10:00:00",base
0.019,"2026-02-12 09:30:00",base
0.003,"2026-02-12 09:00:00",base
0.006,"2026-02-12 08:30:00",base
0.019,"2026-02-12 08:00:00",base
0.003,"2026-02-12 07:30:00",base
0.005,"2026-02-12 07:00:00",base
0.02,"2026-02-12 06:30:00",base
0.002,"2026-02-12 06:00:00",base
0.007,"2026-02-12 05:30:00",base
0.018,"2026-02-12 05:00:00",base
0.003,"2026-02-12 04:30:00",off-peak
0.007,"2026-02-12 04:00:00",off-peak
0.018,"2026-02-12 03:30:00",off-peak
0.003,"2026-02-12 03:00:00",off-peak
0.007,"2026-02-12 02:30:00",off-peak
0.018,"2026-02-12 02:00:00",off-peak
0.003,"2026-02-12 01:30:00",base
0.007,"2026-02-12 01:00:00",base
0.018,"2026-02-12 00:30:00",base
0.003,"2026-02-12 00:00:00",base
0.007,"2026-02-11 23:30:00",base
0.018,"2026-02-11 23:00:00",base
0.003,"2026-02-11 22:30:00",base
0.007,"2026-02-11 22:00:00",base
0.019,"2026-02-11 21:30:00",base
0.003,"2026-02-11 21:00:00",base
0.007,"2026-02-11 20:30:00",base
0.018,"2026-02-11 20:00:00",base
0.003,"2026-02-11 19:30:00",base
0.007,"2026-02-11 19:00:00",base
0.018,"2026-02-11 18:30:00",peak
0.003,"2026-02-11 18:00:00",peak
0.007,"2026-02-11 17:30:00",peak
0.018,"2026-02-11 17:00:00",peak
0.003,"2026-02-11 16:30:00",peak
0.007,"2026-02-11 16:00:00",peak
0.018,"2026-02-11 15:30:00",base
0.003,"2026-02-11 15:00:00",base
0.007,"2026-02-11 14:30:00",base
0.018,"2026-02-11 14:00:00",base
0.003,"2026-02-11 13:30:00",base
0.007,"2026-02-11 13:00:00",base
0.018,"2026-02-11 12:30:00",base
0.003,"2026-02-11 12:00:00",base
0.006,"2026-02-11 11:30:00",base
0.019,"2026-02-11 11:00:00",base
0.003,"2026-02-11 10:30:00",base
0.006,"2026-02-11 10:00:00",base
0.019,"2026-02-11 09:30:00",base
0.003,"2026-02-11 09:00:00",base
0.005,"2026-02-11 08:30:00",base
0.021,"2026-02-11 08:00:00",base
0.003,"2026-02-11 07:30:00",base
0.004,"2026-02-11 07:00:00",base
0.021,"2026-02-11 06:30:00",base
0.003,"2026-02-11 06:00:00",base
0.004,"2026-02-11 05:30:00",base
0.02,"2026-02-11 05:00:00",base
0.003,"2026-02-11 04:30:00",off-peak
0.004,"2026-02-11 04:00:00",off-peak
0.021,"2026-02-11 03:30:00",off-peak
0.003,"2026-02-11 03:00:00",off-peak
0.004,"2026-02-11 02:30:00",off-peak
0.021,"2026-02-11 02:00:00",off-peak
0.003,"2026-02-11 01:30:00",base
0.003,"2026-02-11 01:00:00",base
0.022,"2026-02-11 00:30:00",base
0.003,"2026-02-11 00:00:00",base
0.003,"2026-02-10 23:30:00",base
0.022,"2026-02-10 23:00:00",base
0.003,"2026-02-10 22:30:00",base
0.003,"2026-02-10 22:00:00",base
0.023,"2026-02-10 21:30:00",base
0.003,"2026-02-10 21:00:00",base
0.003,"2026-02-10 20:30:00",base
0.022,"2026-02-10 20:00:00",base
0.003,"2026-02-10 19:30:00",base
0.003,"2026-02-10 19:00:00",base
0.022,"2026-02-10 18:30:00",peak
0.003,"2026-02-10 18:00:00",peak
0.003,"2026-02-10 17:30:00",peak
0.022,"2026-02-10 17:00:00",peak
0.003,"2026-02-10 16:30:00",peak
0.003,"2026-02-10 16:00:00",peak
0.022,"2026-02-10 15:30:00",base
0.003,"2026-02-10 15:00:00",base
0.003,"2026-02-10 14:30:00",base
0.022,"2026-02-10 14:00:00",base
0.003,"2026-02-10 13:30:00",base
0.003,"2026-02-10 13:00:00",base
0.021,"2026-02-10 12:30:00",base
0.003,"2026-02-10 12:00:00",base
0.003,"2026-02-10 11:30:00",base
0.022,"2026-02-10 11:00:00",base
0.003,"2026-02-10 10:30:00",base
0.003,"2026-02-10 10:00:00",base
0.022,"2026-02-10 09:30:00",base
0.003,"2026-02-10 09:00:00",base
0.003,"2026-02-10 08:30:00",base
0.022,"2026-02-10 08:00:00",base
0.003,"2026-02-10 07:30:00",base
0.003,"2026-02-10 07:00:00",base
0.022,"2026-02-10 06:30:00",base
0.003,"2026-02-10 06:00:00",base
0.003,"2026-02-10 05:30:00",base
0.021,"2026-02-10 05:00:00",base
0.003,"2026-02-10 04:30:00",off-peak
0.003,"2026-02-10 04:00:00",off-peak
0.022,"2026-02-10 03:30:00",off-peak
0.003,"2026-02-10 03:00:00",off-peak
0.003,"2026-02-10 02:30:00",off-peak
0.022,"2026-02-10 02:00:00",off-peak
0.003,"2026-02-10 01:30:00",base
0.003,"2026-02-10 01:00:00",base
0.021,"2026-02-10 00:30:00",base
0.003,"2026-02-10 00:00:00",base
0.003,"2026-02-09 23:30:00",base
0.022,"2026-02-09 23:00:00",base
0.003,"2026-02-09 22:30:00",base
0.004,"2026-02-09 22:00:00",base
0.021,"2026-02-09 21:30:00",base
0.003,"2026-02-09 21:00:00",base
0.005,"2026-02-09 20:30:00",base
0.02,"2026-02-09 20:00:00",base
0.003,"2026-02-09 19:30:00",base
0.005,"2026-02-09 19:00:00",base
0.02,"2026-02-09 18:30:00",peak
0.003,"2026-02-09 18:00:00",peak
0.005,"2026-02-09 17:30:00",peak
0.019,"2026-02-09 17:00:00",peak
0.003,"2026-02-09 16:30:00",peak
0.006,"2026-02-09 16:00:00",peak
0.019,"2026-02-09 15:30:00",base
0.003,"2026-02-09 15:00:00",base
0.006,"2026-02-09 14:30:00",base
0.019,"2026-02-09 14:00:00",base
0.003,"2026-02-09 13:30:00",base
0.005,"2026-02-09 13:00:00",base
0.02,"2026-02-09 12:30:00",base
0.003,"2026-02-09 12:00:00",base
0.005,"2026-02-09 11:30:00",base
0.019,"2026-02-09 11:00:00",base
0.003,"2026-02-09 10:30:00",base
0.006,"2026-02-09 10:00:00",base
0.019,"2026-02-09 09:30:00",base
0.003,"2026-02-09 09:00:00",base
0.005,"2026-02-09 08:30:00",base
0.02,"2026-02-09 08:00:00",base
0.003,"2026-02-09 07:30:00",base
0.005,"2026-02-09 07:00:00",base
0.02,"2026-02-09 06:30:00",base
0.003,"2026-02-09 06:00:00",base
0.005,"2026-02-09 05:30:00",base
0.02,"2026-02-09 05:00:00",base
0.002,"2026-02-09 04:30:00",off-peak
0.006,"2026-02-09 04:00:00",off-peak
0.019,"2026-02-09 03:30:00",off-peak
0.003,"2026-02-09 03:00:00",off-peak
0.006,"2026-02-09 02:30:00",off-peak
0.019,"2026-02-09 02:00:00",off-peak
0.003,"2026-02-09 01:30:00",base
0.007,"2026-02-09 01:00:00",base
0.017,"2026-02-09 00:30:00",base
0.003,"2026-02-09 00:00:00",base
0.008,"2026-02-08 23:30:00",base
0.017,"2026-02-08 23:00:00",base
0.003,"2026-02-08 22:30:00",base
0.008,"2026-02-08 22:00:00",base
0.017,"2026-02-08 21:30:00",base
0.003,"2026-02-08 21:00:00",base
0.008,"2026-02-08 20:30:00",base
0.017,"2026-02-08 20:00:00",base
0.003,"2026-02-08 19:30:00",base
0.009,"2026-02-08 19:00:00",base
0.016,"2026-02-08 18:30:00",peak
0.003,"2026-02-08 18:00:00",peak
0.01,"2026-02-08 17:30:00",peak
0.015,"2026-02-08 17:00:00",peak
0.002,"2026-02-08 16:30:00",peak
0.011,"2026-02-08 16:00:00",peak
0.014,"2026-02-08 15:30:00",base
0.003,"2026-02-08 15:00:00",base
0.011,"2026-02-08 14:30:00",base
0.013,"2026-02-08 14:00:00",base
0.003,"2026-02-08 13:30:00",base
0.011,"2026-02-08 13:00:00",base
0.014,"2026-02-08 12:30:00",base
0.003,"2026-02-08 12:00:00",base
0.01,"2026-02-08 11:30:00",base
0.015,"2026-02-08 11:00:00",base
0.003,"2026-02-08 10:30:00",base
0.009,"2026-02-08 10:00:00",base
0.016,"2026-02-08 09:30:00",base
0.003,"2026-02-08 09:00:00",base
0.008,"2026-02-08 08:30:00",base
0.016,"2026-02-08 08:00:00",base
0.003,"2026-02-08 07:30:00",base
0.008,"2026-02-08 07:00:00",base
0.017,"2026-02-08 06:30:00",base
0.003,"2026-02-08 06:00:00",base
0.007,"2026-02-08 05:30:00",base
0.018,"2026-02-08 05:00:00",base
0.003,"2026-02-08 04:30:00",off-peak
0.006,"2026-02-08 04:00:00",off-peak
0.018,"2026-02-08 03:30:00",off-peak
0.003,"2026-02-08 03:00:00",off-peak
0.006,"2026-02-08 02:30:00",off-peak
0.019,"2026-02-08 02:00:00",off-peak
0.003,"2026-02-08 01:30:00",base
0.005,"2026-02-08 01:00:00",base
0.02,"2026-02-08 00:30:00",base
0.003,"2026-02-08 00:00:00",base
0.004,"2026-02-07 23:30:00",base
0.021,"2026-02-07 23:00:00",base
0.003,"2026-02-07 22:30:00",base
0.003,"2026-02-07 22:00:00",base
0.022,"2026-02-07 21:30:00",base
0.003,"2026-02-07 21:00:00",base
0.003,"2026-02-07 20:30:00",base
0.022,"2026-02-07 20:00:00",base
0.003,"2026-02-07 19:30:00",base
0.003,"2026-02-07 19:00:00",base
0.022,"2026-02-07 18:30:00",peak
0.003,"2026-02-07 18:00:00",peak
0.003,"2026-02-07 17:30:00",peak
0.021,"2026-02-07 17:00:00",peak
0.004,"2026-02-07 16:30:00",peak
0.003,"2026-02-07 16:00:00",peak
0.017,"2026-02-07 15:30:00",base
0.007,"2026-02-07 15:00:00",base
0.003,"2026-02-07 14:30:00",base
0.015,"2026-02-07 14:00:00",base
0.01,"2026-02-07 13:30:00",base
0.003,"2026-02-07 13:00:00",base
0.01,"2026-02-07 12:30:00",base
0.015,"2026-02-07 12:00:00",base
0.003,"2026-02-07 11:30:00",base
0.006,"2026-02-07 11:00:00",base
0.02,"2026-02-07 10:30:00",base
0.003,"2026-02-07 10:00:00",base
0.003,"2026-02-07 09:30:00",base
0.022,"2026-02-07 09:00:00",base
0.003,"2026-02-07 08:30:00",base
0.003,"2026-02-07 08:00:00",base
0.022,"2026-02-07 07:30:00",base
0.003,"2026-02-07 07:00:00",base
0.003,"2026-02-07 06:30:00",base
0.017,"2026-02-07 06:00:00",base
0.008,"2026-02-07 05:30:00",base
0.003,"2026-02-07 05:00:00",base
0.013,"2026-02-07 04:30:00",off-peak
0.012,"2026-02-07 04:00:00",off-peak
0.003,"2026-02-07 03:30:00",off-peak
0.007,"2026-02-07 03:00:00",off-peak
0.018,"2026-02-07 02:30:00",off-peak
0.003,"2026-02-07 02:00:00",off-peak
0.003,"2026-02-07 01:30:00",base
0.023,"2026-02-07 01:00:00",base
0.002,"2026-02-07 00:30:00",base
0.003,"2026-02-07 00:00:00",base
0.023,"2026-02-06 23:30:00",base
0.003,"2026-02-06 23:00:00",base
0.003,"2026-02-06 22:30:00",base
0.017,"2026-02-06 22:00:00",base
0.008,"2026-02-06 21:30:00",base
0.003,"2026-02-06 21:00:00",base
0.011,"2026-02-06 20:30:00",base
0.014,"2026-02-06 20:00:00",base
0.003,"2026-02-06 19:30:00",base
0.006,"2026-02-06 19:00:00",base
0.019,"2026-02-06 18:30:00",peak
0.003,"2026-02-06 18:00:00",peak
0.003,"2026-02-06 17:30:00",peak
0.022,"2026-02-06 17:00:00",peak
0.003,"2026-02-06 16:30:00",peak
0.003,"2026-02-06 16:00:00",peak
0.021,"2026-02-06 15:30:00",base
0.004,"2026-02-06 15:00:00",base
0.003,"2026-02-06 14:30:00",base
0.016,"2026-02-06 14:00:00",base
0.009,"2026-02-06 13:30:00",base
0.003,"2026-02-06 13:00:00",base
0.01,"2026-02-06 12:30:00",base
0.015,"2026-02-06 12:00:00",base
0.003,"2026-02-06 11:30:00",base
0.004,"2026-02-06 11:00:00",base
0.021,"2026-02-06 10:30:00",base
0.003,"2026-02-06 10:00:00",base
0.003,"2026-02-06 09:30:00",base
0.022,"2026-02-06 09:00:00",base
0.003,"2026-02-06 08:30:00",base
0.003,"2026-02-06 08:00:00",base
0.017,"2026-02-06 07:30:00",base
0.008,"2026-02-06 07:00:00",base
0.003,"2026-02-06 06:30:00",base
0.01,"2026-02-06 06:00:00",base
0.016,"2026-02-06 05:30:00",base
0.002,"2026-02-06 05:00:00",base
0.003,"2026-02-06 04:30:00",off-peak
0.022,"2026-02-06 04:00:00",off-peak
0.003,"2026-02-06 03:30:00",off-peak
0.003,"2026-02-06 03:00:00",off-peak
0.022,"2026-02-06 02:30:00",off-peak
0.003,"2026-02-06 02:00:00",off-peak
0.003,"2026-02-06 01:30:00",base
0.016,"2026-02-06 01:00:00",base
0.009,"2026-02-06 00:30:00",base
0.003,"2026-02-06 00:00:00",base
0.01,"2026-02-05 23:30:00",base
0.015,"2026-02-05 23:00:00",base
0.003,"2026-02-05 22:30:00",base
0.004,"2026-02-05 22:00:00",base
0.022,"2026-02-05 21:30:00",base
0.003,"2026-02-05 21:00:00",base
0.003,"2026-02-05 20:30:00",base
0.022,"2026-02-05 20:00:00",base
0.003,"2026-02-05 19:30:00",base
0.003,"2026-02-05 19:00:00",base
0.017,"2026-02-05 18:30:00",peak
0.008,"2026-02-05 18:00:00",peak
0.003,"2026-02-05 17:30:00",peak
0.011,"2026-02-05 17:00:00",peak
0.014,"2026-02-05 16:30:00",peak
0.003,"2026-02-05 16:00:00",peak
0.005,"2026-02-05 15:30:00",base
0.019,"2026-02-05 15:00:00",base
0.003,"2026-02-05 14:30:00",base
0.003,"2026-02-05 14:00:00",base
0.022,"2026-02-05 13:30:00",base
0.003,"2026-02-05 13:00:00",base
0.003,"2026-02-05 12:30:00",base
0.022,"2026-02-05 12:00:00",base
0.003,"2026-02-05 11:30:00",base
0.003,"2026-02-05 11:00:00",base
0.018,"2026-02-05 10:30:00",base
0.007,"2026-02-05 10:00:00",base
0.003,"2026-02-05 09:30:00",base
0.013,"2026-02-05 09:00:00",base
0.012,"2026-02-05 08:30:00",base
0.003,"2026-02-05 08:00:00",base
0.008,"2026-02-05 07:30:00",base
0.017,"2026-02-05 07:00:00",base
0.003,"2026-02-05 06:30:00",base
0.003,"2026-02-05 06:00:00",base
0.022,"2026-02-05 05:30:00",base
0.003,"2026-02-05 05:00:00",base
0.003,"2026-02-05 04:30:00",off-peak
0.022,"2026-02-05 04:00:00",off-peak
0.003,"2026-02-05 03:30:00",off-peak
0.003,"2026-02-05 03:00:00",off-peak
0.021,"2026-02-05 02:30:00",off-peak
0.004,"2026-02-05 02:00:00",off-peak
0.003,"2026-02-05 01:30:00",base
0.016,"2026-02-05 01:00:00",base
0.009,"2026-02-05 00:30:00",base
0.003,"2026-02-05 00:00:00",base
0.011,"2026-02-04 23:30:00",base
0.014,"2026-02-04 23:00:00",base
0.003,"2026-02-04 22:30:00",base
0.006,"2026-02-04 22:00:00",base
0.019,"2026-02-04 21:30:00",base
0.003,"2026-02-04 21:00:00",base
0.003,"2026-02-04 20:30:00",base
0.021,"2026-02-04 20:00:00",base
0.003,"2026-02-04 19:30:00",base
0.003,"2026-02-04 19:00:00",base
0.023,"2026-02-04 18:30:00",peak
0.003,"2026-02-04 18:00:00",peak
0.003,"2026-02-04 17:30:00",peak
0.018,"2026-02-04 17:00:00",peak
0.007,"2026-02-04 16:30:00",peak
0.003,"2026-02-04 16:00:00",peak
0.012,"2026-02-04 15:30:00",base
0.012,"2026-02-04 15:00:00",base
0.003,"2026-02-04 14:30:00",base
0.007,"2026-02-04 14:00:00",base
0.018,"2026-02-04 13:30:00",base
0.003,"2026-02-04 13:00:00",base
0.003,"2026-02-04 12:30:00",base
0.023,"2026-02-04 12:00:00",base
0.002,"2026-02-04 11:30:00",base
0.003,"2026-02-04 11:00:00",base
0.021,"2026-02-04 10:30:00",base
0.004,"2026-02-04 10:00:00",base
0.003,"2026-02-04 09:30:00",base
0.013,"2026-02-04 09:00:00",base
0.013,"2026-02-04 08:30:00",base
0.002,"2026-02-04 08:00:00",base
0.006,"2026-02-04 07:30:00",base
0.02,"2026-02-04 07:00:00",base
0.003,"2026-02-04 06:30:00",base
0.003,"2026-02-04 06:00:00",base
0.022,"2026-02-04 05:30:00",base
0.003,"2026-02-04 05:00:00",base
0.003,"2026-02-04 04:30:00",off-peak
0.017,"2026-02-04 04:00:00",off-peak
0.008,"2026-02-04 03:30:00",off-peak
0.003,"2026-02-04 03:00:00",off-peak
0.009,"2026-02-04 02:30:00",off-peak
0.017,"2026-02-04 02:00:00",off-peak
0.003,"2026-02-04 01:30:00",base
0.003,"2026-02-04 01:00:00",base
0.022,"2026-02-04 00:30:00",base
0.003,"2026-02-04 00:00:00",base
0.002,"2026-02-03 23:30:00",base
0.022,"2026-02-03 23:00:00",base
0.003,"2026-02-03 22:30:00",base
0.003,"2026-02-03 22:00:00",base
0.017,"2026-02-03 21:30:00",base
0.009,"2026-02-03 21:00:00",base
0.003,"2026-02-03 20:30:00",base
0.01,"2026-02-03 20:00:00",base
0.014,"2026-02-03 19:30:00",base
0.003,"2026-02-03 19:00:00",base
0.005,"2026-02-03 18:30:00",peak
0.02,"2026-02-03 18:00:00",peak
0.003,"2026-02-03 17:30:00",peak
0.003,"2026-02-03 17:00:00",peak
0.022,"2026-02-03 16:30:00",peak
0.003,"2026-02-03 16:00:00",peak
0.003,"2026-02-03 15:30:00",base
0.022,"2026-02-03 15:00:00",base
0.003,"2026-02-03 14:30:00",base
0.003,"2026-02-03 14:00:00",base
0.018,"2026-02-03 13:30:00",base
0.007,"2026-02-03 13:00:00",base
0.003,"2026-02-03 12:30:00",base
0.014,"2026-02-03 12:00:00",base
0.011,"2026-02-03 11:30:00",base
0.003,"2026-02-03 11:00:00",base
0.01,"2026-02-03 10:30:00",base
0.015,"2026-02-03 10:00:00",base
0.003,"2026-02-03 09:30:00",base
0.007,"2026-02-03 09:00:00",base
0.018,"2026-02-03 08:30:00",base
0.003,"2026-02-03 08:00:00",base
0.004,"2026-02-03 07:30:00",base
0.021,"2026-02-03 07:00:00",base
0.002,"2026-02-03 06:30:00",base
0.003,"2026-02-03 06:00:00",base
0.022,"2026-02-03 05:30:00",base
0.003,"2026-02-03 05:00:00",base
0.003,"2026-02-03 04:30:00",off-peak
0.022,"2026-02-03 04:00:00",off-peak
0.003,"2026-02-03 03:30:00",off-peak
0.003,"2026-02-03 03:00:00",off-peak
0.022,"2026-02-03 02:30:00",off-peak
0.003,"2026-02-03 02:00:00",off-peak
0.003,"2026-02-03 01:30:00",base
0.021,"2026-02-03 01:00:00",base
0.003,"2026-02-03 00:30:00",base
0.003,"2026-02-03 00:00:00",base
0.021,"2026-02-02 23:30:00",base
0.004,"2026-02-02 23:00:00",base
0.003,"2026-02-02 22:30:00",base
0.019,"2026-02-02 22:00:00",base
0.006,"2026-02-02 21:30:00",base
0.003,"2026-02-02 21:00:00",base
0.017,"2026-02-02 20:30:00",base
0.007,"2026-02-02 20:00:00",base
0.003,"2026-02-02 19:30:00",base
0.015,"2026-02-02 19:00:00",base
0.009,"2026-02-02 18:30:00",peak
0.003,"2026-02-02 18:00:00",peak
0.014,"2026-02-02 17:30:00",peak
0.011,"2026-02-02 17:00:00",peak
0.003,"2026-02-02 16:30:00",peak
0.011,"2026-02-02 16:00:00",peak
0.014,"2026-02-02 15:30:00",base
0.003,"2026-02-02 15:00:00",base
0.009,"2026-02-02 14:30:00",base
0.016,"2026-02-02 14:00:00",base
0.003,"2026-02-02 13:30:00",base
0.007,"2026-02-02 13:00:00",base
0.018,"2026-02-02 12:30:00",base
0.003,"2026-02-02 12:00:00",base
0.004,"2026-02-02 11:30:00",base
0.02,"2026-02-02 11:00:00",base
0.003,"2026-02-02 10:30:00",base
0.003,"2026-02-02 10:00:00",base
0.022,"2026-02-02 09:30:00",base
0.003,"2026-02-02 09:00:00",base
0.003,"2026-02-02 08:30:00",base
0.022,"2026-02-02 08:00:00",base
0.003,"2026-02-02 07:30:00",base
0.003,"2026-02-02 07:00:00",base
0.022,"2026-02-02 06:30:00",base
0.003,"2026-02-02 06:00:00",base
0.003,"2026-02-02 05:30:00",base
0.022,"2026-02-02 05:00:00",base
0.002,"2026-02-02 04:30:00",off-peak
0.003,"2026-02-02 04:00:00",off-peak
0.022,"2026-02-02 03:30:00",off-peak
0.003,"2026-02-02 03:00:00",off-peak
0.003,"2026-02-02 02:30:00",off-peak
0.021,"2026-02-02 02:00:00",off-peak
0.004,"2026-02-02 01:30:00",base
0.003,"2026-02-02 01:00:00",base
0.019,"2026-02-02 00:30:00",base
0.005,"2026-02-02 00:00:00",base
0.003,"2026-02-01 23:30:00",base
0.019,"2026-02-01 23:00:00",base
0.006,"2026-02-01 22:30:00",base
0.003,"2026-02-01 22:00:00",base
0.017,"2026-02-01 21:30:00",base
0.007,"2026-02-01 21:00:00",base
0.003,"2026-02-01 20:30:00",base
0.016,"2026-02-01 20:00:00",base
0.009,"2026-02-01 19:30:00",base
0.003,"2026-02-01 19:00:00",base
0.014,"2026-02-01 18:30:00",peak
0.011,"2026-02-01 18:00:00",peak
0.003,"2026-02-01 17:30:00",peak
0.013,"2026-02-01 17:00:00",peak
0.012,"2026-02-01 16:30:00",peak
0.003,"2026-02-01 16:00:00",peak
0.011,"2026-02-01 15:30:00",base
0.014,"2026-02-01 15:00:00",base
0.003,"2026-02-01 14:30:00",base
0.01,"2026-02-01 14:00:00",base
0.014,"2026-02-01 13:30:00",base
0.003,"2026-02-01 13:00:00",base
0.009,"2026-02-01 12:30:00",base
0.016,"2026-02-01 12:00:00",base
0.003,"2026-02-01 11:30:00",base
0.007,"2026-02-01 11:00:00",base
0.018,"2026-02-01 10:30:00",base
0.003,"2026-02-01 10:00:00",base
0.006,"2026-02-01 09:30:00",base
0.018,"2026-02-01 09:00:00",base
0.003,"2026-02-01 08:30:00",base
0.005,"2026-02-01 08:00:00",base
0.019,"2026-02-01 07:30:00",base
0.003,"2026-02-01 07:00:00",base
0.005,"2026-02-01 06:30:00",base
0.02,"2026-02-01 06:00:00",base
0.003,"2026-02-01 05:30:00",base
0.003,"2026-02-01 05:00:00",base
0.021,"2026-02-01 04:30:00",off-peak
0.003,"2026-02-01 04:00:00",off-peak
0.003,"2026-02-01 03:30:00",off-peak
0.022,"2026-02-01 03:00:00",off-peak
0.003,"2026-02-01 02:30:00",off-peak
0.003,"2026-02-01 02:00:00",off-peak
0.022,"2026-02-01 01:30:00",base
0.002,"2026-02-01 01:00:00",base
0.003,"2026-02-01 00:30:00",base
0.022,"2026-02-01 00:00:00",base
0.003,"2026-01-31 23:30:00",base
0.003,"2026-01-31 23:00:00",base
0.022,"2026-01-31 22:30:00",base
0.003,"2026-01-31 22:00:00",base
0.003,"2026-01-31 21:30:00",base
0.022,"2026-01-31 21:00:00",base
0.003,"2026-01-31 20:30:00",base
0.003,"2026-01-31 20:00:00",base
0.019,"2026-01-31 19:30:00",base
0.006,"2026-01-31 19:00:00",base
0.003,"2026-01-31 18:30:00",peak
0.017,"2026-01-31 18:00:00",peak
0.007,"2026-01-31 17:30:00",peak
0.003,"2026-01-31 17:00:00",peak
0.015,"2026-01-31 16:30:00",peak
0.01,"2026-01-31 16:00:00",peak
0.003,"2026-01-31 15:30:00",base
0.013,"2026-01-31 15:00:00",base
0.012,"2026-01-31 14:30:00",base
0.003,"2026-01-31 14:00:00",base
0.01,"2026-01-31 13:30:00",base
0.015,"2026-01-31 13:00:00",base
0.003,"2026-01-31 12:30:00",base
0.007,"2026-01-31 12:00:00",base
0.018,"2026-01-31 11:30:00",base
0.003,"2026-01-31 11:00:00",base
0.004,"2026-01-31 10:30:00",base
0.021,"2026-01-31 10:00:00",base
0.003,"2026-01-31 09:30:00",base
0.003,"2026-01-31 09:00:00",base
0.022,"2026-01-31 08:30:00",base
0.003,"2026-01-31 08:00:00",base
0.003,"2026-01-31 07:30:00",base
0.022,"2026-01-31 07:00:00",base
0.003,"2026-01-31 06:30:00",base
0.003,"2026-01-31 06:00:00",base
0.017,"2026-01-31 05:30:00",base
0.009,"2026-01-31 05:00:00",base
0.003,"2026-01-31 04:30:00",off-peak
0.012,"2026-01-31 04:00:00",off-peak
0.013,"2026-01-31 03:30:00",off-peak
0.003,"2026-01-31 03:00:00",off-peak
0.007,"2026-01-31 02:30:00",off-peak
0.018,"2026-01-31 02:00:00",off-peak
0.003,"2026-01-31 01:30:00",base
0.003,"2026-01-31 01:00:00",base
0.022,"2026-01-31 00:30:00",base
0.003,"2026-01-31 00:00:00",base
0.003,"2026-01-30 23:30:00",base
0.023,"2026-01-30 23:00:00",base
0.003,"2026-01-30 22:30:00",base
0.003,"2026-01-30 22:00:00",base
0.019,"2026-01-30 21:30:00",base
0.006,"2026-01-30 21:00:00",base
0.003,"2026-01-30 20:30:00",base
0.014,"2026-01-30 20:00:00",base
0.011,"2026-01-30 19:30:00",base
0.003,"2026-01-30 19:00:00",base
0.007,"2026-01-30 18:30:00",peak
0.018,"2026-01-30 18:00:00",peak
0.003,"2026-01-30 17:30:00",peak
0.003,"2026-01-30 17:00:00",peak
0.022,"2026-01-30 16:30:00",peak
0.003,"2026-01-30 16:00:00",peak
0.003,"2026-01-30 15:30:00",base
0.02,"2026-01-30 15:00:00",base
0.006,"2026-01-30 14:30:00",base
0.003,"2026-01-30 14:00:00",base
0.01,"2026-01-30 13:30:00",base
0.015,"2026-01-30 13:00:00",base
0.003,"2026-01-30 12:30:00",base
0.003,"2026-01-30 12:00:00",base
0.022,"2026-01-30 11:30:00",base
0.003,"2026-01-30 11:00:00",base
0.003,"2026-01-30 10:30:00",base
0.021,"2026-01-30 10:00:00",base
0.004,"2026-01-30 09:30:00",base
0.003,"2026-01-30 09:00:00",base
0.011,"2026-01-30 08:30:00",base
0.015,"2026-01-30 08:00:00",base
0.003,"2026-01-30 07:30:00",base
0.003,"2026-01-30 07:00:00",base
0.022,"2026-01-30 06:30:00",base
0.003,"2026-01-30 06:00:00",base
0.003,"2026-01-30 05:30:00",base
0.018,"2026-01-30 05:00:00",base
0.007,"2026-01-30 04:30:00",off-peak
0.003,"2026-01-30 04:00:00",off-peak
0.009,"2026-01-30 03:30:00",off-peak
0.016,"2026-01-30 03:00:00",off-peak
0.003,"2026-01-30 02:30:00",off-peak
0.003,"2026-01-30 02:00:00",off-peak
0.023,"2026-01-30 01:30:00",base
0.003,"2026-01-30 01:00:00",base
0.002,"2026-01-30 00:30:00",base
0.018,"2026-01-30 00:00:00",base
0.007,"2026-01-29 23:30:00",base
0.003,"2026-01-29 23:00:00",base
0.011,"2026-01-29 22:30:00",base
0.014,"2026-01-29 22:00:00",base
0.003,"2026-01-29 21:30:00",base
0.003,"2026-01-29 21:00:00",base
0.022,"2026-01-29 20:30:00",base
0.003,"2026-01-29 20:00:00",base
0.003,"2026-01-29 19:30:00",base
0.022,"2026-01-29 19:00:00",base
0.003,"2026-01-29 18:30:00",peak
0.003,"2026-01-29 18:00:00",peak
0.015,"2026-01-29 17:30:00",peak
0.011,"2026-01-29 17:00:00",peak
0.003,"2026-01-29 16:30:00",peak
0.007,"2026-01-29 16:00:00",peak
0.017,"2026-01-29 15:30:00",base
0.003,"2026-01-29 15:00:00",base
0.003,"2026-01-29 14:30:00",base
0.022,"2026-01-29 14:00:00",base
0.003,"2026-01-29 13:30:00",base
0.003,"2026-01-29 13:00:00",base
0.02,"2026-01-29 12:30:00",base
0.006,"2026-01-29 12:00:00",base
0.003,"2026-01-29 11:30:00",base
0.011,"2026-01-29 11:00:00",base
0.014,"2026-01-29 10:30:00",base
0.003,"2026-01-29 10:00:00",base
0.004,"2026-01-29 09:30:00",base
0.021,"2026-01-29 09:00:00",base
0.003,"2026-01-29 08:30:00",base
0.003,"2026-01-29 08:00:00",base
0.023,"2026-01-29 07:30:00",base
0.003,"2026-01-29 07:00:00",base
0.003,"2026-01-29 06:30:00",base
0.015,"2026-01-29 06:00:00",base
0.01,"2026-01-29 05:30:00",base
0.003,"2026-01-29 05:00:00",base
0.008,"2026-01-29 04:30:00",off-peak
0.017,"2026-01-29 04:00:00",off-peak
0.003,"2026-01-29 03:30:00",off-peak
0.003,"2026-01-29 03:00:00",off-peak
0.022,"2026-01-29 02:30:00",off-peak
0.003,"2026-01-29 02:00:00",off-peak
0.003,"2026-01-29 01:30:00",base
0.021,"2026-01-29 01:00:00",base
0.004,"2026-01-29 00:30:00",base
0.003,"2026-01-29 00:00:00",base
0.012,"2026-01-28 23:30:00",base
0.013,"2026-01-28 23:00:00",base
0.003,"2026-01-28 22:30:00",base
0.005,"2026-01-28 22:00:00",base
0.021,"2026-01-28 21:30:00",base
0.003,"2026-01-28 21:00:00",base
0.002,"2026-01-28 20:30:00",base
0.022,"2026-01-28 20:00:00",base
0.003,"2026-01-28 19:30:00",base
0.003,"2026-01-28 19:00:00",base
0.017,"2026-01-28 18:30:00",peak
0.009,"2026-01-28 18:00:00",peak
0.002,"2026-01-28 17:30:00",peak
0.009,"2026-01-28 17:00:00",peak
0.017,"2026-01-28 16:30:00",peak
0.002,"2026-01-28 16:00:00",peak
0.003,"2026-01-28 15:30:00",base
0.022,"2026-01-28 15:00:00",base
0.003,"2026-01-28 14:30:00",base
0.003,"2026-01-28 14:00:00",base
0.02,"2026-01-28 13:30:00",base
0.006,"2026-01-28 13:00:00",base
0.003,"2026-01-28 12:30:00",base
0.011,"2026-01-28 12:00:00",base
0.014,"2026-01-28 11:30:00",base
0.003,"2026-01-28 11:00:00",base
0.003,"2026-01-28 10:30:00",base
0.023,"2026-01-28 10:00:00",base
0.003,"2026-01-28 09:30:00",base
0.003,"2026-01-28 09:00:00",base
0.021,"2026-01-28 08:30:00",base
0.003,"2026-01-28 08:00:00",base
0.003,"2026-01-28 07:30:00",base
0.015,"2026-01-28 07:00:00",base
0.011,"2026-01-28 06:30:00",base
0.002,"2026-01-28 06:00:00",base
0.008,"2026-01-28 05:30:00",base
0.018,"2026-01-28 05:00:00",base
0.003,"2026-01-28 04:30:00",off-peak
0.003,"2026-01-28 04:00:00",off-peak
0.022,"2026-01-28 03:30:00",off-peak
0.003,"2026-01-28 03:00:00",off-peak
0.003,"2026-01-28 02:30:00",off-peak
0.021,"2026-01-28 02:00:00",off-peak
0.004,"2026-01-28 01:30:00",base
0.003,"2026-01-28 01:00:00",base
0.013,"2026-01-28 00:30:00",base
0.013,"2026-01-28 00:00:00",base
0.003,"2026-01-27 23:30:00",base
0.005,"2026-01-27 23:00:00",base
0.02,"2026-01-27 22:30:00",base
0.003,"2026-01-27 22:00:00",base
0.003,"2026-01-27 21:30:00",base
0.023,"2026-01-27 21:00:00",base
0.003,"2026-01-27 20:30:00",base
0.003,"2026-01-27 20:00:00",base
0.016,"2026-01-27 19:30:00",base
0.009,"2026-01-27 19:00:00",base
0.003,"2026-01-27 18:30:00",peak
0.006,"2026-01-27 18:00:00",peak
0.021,"2026-01-27 17:30:00",peak
0.003,"2026-01-27 17:00:00",peak
0.003,"2026-01-27 16:30:00",peak
0.022,"2026-01-27 16:00:00",peak
0.003,"2026-01-27 15:30:00",base
0.003,"2026-01-27 15:00:00",base
0.015,"2026-01-27 14:30:00",base
0.011,"2026-01-27 14:00:00",base
0.003,"2026-01-27 13:30:00",base
0.005,"2026-01-27 13:00:00",base
0.021,"2026-01-27 12:30:00",base
0.003,"2026-01-27 12:00:00",base
0.003,"2026-01-27 11:30:00",base
0.022,"2026-01-27 11:00:00",base
0.003,"2026-01-27 10:30:00",base
0.003,"2026-01-27 10:00:00",base
0.013,"2026-01-27 09:30:00",base
0.013,"2026-01-27 09:00:00",base
0.003,"2026-01-27 08:30:00",base
0.003,"2026-01-27 08:00:00",base
0.023,"2026-01-27 07:30:00",base
0.003,"2026-01-27 07:00:00",base
0.003,"2026-01-27 06:30:00",base
0.017,"2026-01-27 06:00:00",base
0.009,"2026-01-27 05:30:00",base
0.003,"2026-01-27 05:00:00",base
0.005,"2026-01-27 04:30:00",off-peak
0.02,"2026-01-27 04:00:00",off-peak
0.003,"2026-01-27 03:30:00",off-peak
0.003,"2026-01-27 03:00:00",off-peak
0.023,"2026-01-27 02:30:00",off-peak
0.003,"2026-01-27 02:00:00",off-peak
0.003,"2026-01-27 01:30:00",base
0.011,"2026-01-27 01:00:00",base
0.015,"2026-01-27 00:30:00",base
0.003,"2026-01-27 00:00:00",base
0.003,"2026-01-26 23:30:00",base
0.023,"2026-01-26 23:00:00",base
0.003,"2026-01-26 22:30:00",base
0.003,"2026-01-26 22:00:00",base
0.017,"2026-01-26 21:30:00",base
0.009,"2026-01-26 21:00:00",base
0.002,"2026-01-26 20:30:00",base
0.008,"2026-01-26 20:00:00",base
0.018,"2026-01-26 19:30:00",base
0.003,"2026-01-26 19:00:00",base
0.003,"2026-01-26 18:30:00",peak
0.022,"2026-01-26 18:00:00",peak
0.003,"2026-01-26 17:30:00",peak
0.003,"2026-01-26 17:00:00",peak
0.017,"2026-01-26 16:30:00",peak
0.009,"2026-01-26 16:00:00",peak
0.003,"2026-01-26 15:30:00",base
0.008,"2026-01-26 15:00:00",base
0.017,"2026-01-26 14:30:00",base
0.003,"2026-01-26 14:00:00",base
0.003,"2026-01-26 13:30:00",base
0.022,"2026-01-26 13:00:00",base
0.003,"2026-01-26 12:30:00",base
0.003,"2026-01-26 12:00:00",base
0.022,"2026-01-26 11:30:00",base
0.003,"2026-01-26 11:00:00",base
0.003,"2026-01-26 10:30:00",base
0.014,"2026-01-26 10:00:00",base
0.011,"2026-01-26 09:30:00",base
0.003,"2026-01-26 09:00:00",base
0.007,"2026-01-26 08:30:00",base
0.018,"2026-01-26 08:00:00",base
0.003,"2026-01-26 07:30:00",base
0.003,"2026-01-26 07:00:00",base
0.023,"2026-01-26 06:30:00",base
0.003,"2026-01-26 06:00:00",base
0.003,"2026-01-26 05:30:00",base
0.018,"2026-01-26 05:00:00",base
0.007,"2026-01-26 04:30:00",off-peak
0.003,"2026-01-26 04:00:00",off-peak
0.012,"2026-01-26 03:30:00",off-peak
0.013,"2026-01-26 03:00:00",off-peak
0.003,"2026-01-26 02:30:00",off-peak
0.005,"2026-01-26 02:00:00",off-peak
0.02,"2026-01-26 01:30:00",base
0.003,"2026-01-26 01:00:00",base
0.003,"2026-01-26 00:30:00",base
0.023,"2026-01-26 00:00:00",base
0.003,"2026-01-25 23:30:00",base
0.003,"2026-01-25 23:00:00",base
0.018,"2026-01-25 22:30:00",base
0.007,"2026-01-25 22:00:00",base
0.003,"2026-01-25 21:30:00",base
0.011,"2026-01-25 21:00:00",base
0.015,"2026-01-25 20:30:00",base
0.003,"2026-01-25 20:00:00",base
0.005,"2026-01-25 19:30:00",base
0.021,"2026-01-25 19:00:00",base
0.003,"2026-01-25 18:30:00",peak
0.003,"2026-01-25 18:00:00",peak
0.023,"2026-01-25 17:30:00",peak
0.003,"2026-01-25 17:00:00",peak
0.003,"2026-01-25 16:30:00",peak
0.021,"2026-01-25 16:00:00",peak
0.004,"2026-01-25 15:30:00",base
0.003,"2026-01-25 15:00:00",base
0.017,"2026-01-25 14:30:00",base
0.009,"2026-01-25 14:00:00",base
0.003,"2026-01-25 13:30:00",base
0.012,"2026-01-25 13:00:00",base
0.014,"2026-01-25 12:30:00",base
0.002,"2026-01-25 12:00:00",base
0.008,"2026-01-25 11:30:00",base
0.018,"2026-01-25 11:00:00",base
0.003,"2026-01-25 10:30:00",base
0.003,"2026-01-25 10:00:00",base
0.024,"2026-01-25 09:30:00",base
0.002,"2026-01-25 09:00:00",base
0.003,"2026-01-25 08:30:00",base
0.023,"2026-01-25 08:00:00",base
0.003,"2026-01-25 07:30:00",base
0.003,"2026-01-25 07:00:00",base
0.021,"2026-01-25 06:30:00",base
0.005,"2026-01-25 06:00:00",base
0.003,"2026-01-25 05:30:00",base
0.016,"2026-01-25 05:00:00",base
0.01,"2026-01-25 04:30:00",off-peak
0.003,"2026-01-25 04:00:00",off-peak
0.012,"2026-01-25 03:30:00",off-peak
0.014,"2026-01-25 03:00:00",off-peak
0.003,"2026-01-25 02:30:00",off-peak
0.009,"2026-01-25 02:00:00",off-peak
0.017,"2026-01-25 01:30:00",base
0.003,"2026-01-25 01:00:00",base
0.005,"2026-01-25 00:30:00",base
0.021,"2026-01-25 00:00:00",base
0.002,"2026-01-24 23:30:00",base
0.003,"2026-01-24 23:00:00",base
0.023,"2026-01-24 22:30:00",base
0.003,"2026-01-24 22:00:00",base
0.003,"2026-01-24 21:30:00",base
0.023,"2026-01-24 21:00:00",base
0.003,"2026-01-24 20:30:00",base
0.003,"2026-01-24 20:00:00",base
0.023,"2026-01-24 19:30:00",base
0.003,"2026-01-24 19:00:00",base
0.003,"2026-01-24 18:30:00",peak
0.023,"2026-01-24 18:00:00",peak
0.003,"2026-01-24 17:30:00",peak
0.003,"2026-01-24 17:00:00",peak
0.022,"2026-01-24 16:30:00",peak
0.004,"2026-01-24 16:00:00",peak
0.003,"2026-01-24 15:30:00",base
0.02,"2026-01-24 15:00:00",base
0.006,"2026-01-24 14:30:00",base
0.003,"2026-01-24 14:00:00",base
0.018,"2026-01-24 13:30:00",base
0.008,"2026-01-24 13:00:00",base
0.003,"2026-01-24 12:30:00",base
0.016,"2026-01-24 12:00:00",base
0.011,"2026-01-24 11:30:00",base
0.003,"2026-01-24 11:00:00",base
0.013,"2026-01-24 10:30:00",base
0.014,"2026-01-24 10:00:00",base
0.003,"2026-01-24 09:30:00",base
0.011,"2026-01-24 09:00:00",base
0.016,"2026-01-24 08:30:00",base
0.003,"2026-01-24 08:00:00",base
0.009,"2026-01-24 07:30:00",base
0.019,"2026-01-24 07:00:00",base
0.003,"2026-01-24 06:30:00",base
0.006,"2026-01-24 06:00:00",base
0.022,"2026-01-24 05:30:00",base
0.002,"2026-01-24 05:00:00",base
0.005,"2026-01-24 04:30:00",off-peak
0.024,"2026-01-24 04:00:00",off-peak
0.003,"2026-01-24 03:30:00",off-peak
0.003,"2026-01-24 03:00:00",off-peak
0.026,"2026-01-24 02:30:00",off-peak
0.003,"2026-01-24 02:00:00",off-peak
0.003,"2026-01-24 01:30:00",base
0.027,"2026-01-24 01:00:00",base
0.003,"2026-01-24 00:30:00",base
0.003,"2026-01-24 00:00:00",base
0.025,"2026-01-23 23:30:00",base
0.009,"2026-01-23 23:00:00",base
0.003,"2026-01-23 22:30:00",base
0.025,"2026-01-23 22:00:00",base
0.331,"2026-01-23 21:30:00",base
0.692,"2026-01-23 21:00:00",base
0.282,"2026-01-23 20:30:00",base
2.217,"2026-01-23 20:00:00",base
2.236,"2026-01-23 19:30:00",base
1.847,"2026-01-23 19:00:00",base
0.289,"2026-01-23 18:30:00",peak
0.629,"2026-01-23 18:00:00",peak
0.525,"2026-01-23 17:30:00",peak
0.043,"2026-01-23 17:00:00",peak
0.06,"2026-01-23 16:30:00",peak
0.039,"2026-01-23 16:00:00",peak
0.897,"2026-01-23 15:30:00",base
2.523,"2026-01-23 15:00:00",base
2.148,"2026-01-23 14:30:00",base
2.125,"2026-01-23 14:00:00",base
2.136,"2026-01-23 13:30:00",base
2.147,"2026-01-23 13:00:00",base
1.766,"2026-01-23 12:30:00",base
1.808,"2026-01-23 12:00:00",base
1.796,"2026-01-23 11:30:00",base
2.767,"2026-01-23 11:00:00",base
0.139,"2026-01-23 10:30:00",base
0.082,"2026-01-23 10:00:00",base
0.26,"2026-01-23 09:30:00",base
0.043,"2026-01-23 09:00:00",base
0.017,"2026-01-23 08:30:00",base
0.016,"2026-01-23 08:00:00",base
0.033,"2026-01-23 07:30:00",base
0.017,"2026-01-23 07:00:00",base
0.013,"2026-01-23 06:30:00",base
0.006,"2026-01-23 06:00:00",base
0.005,"2026-01-23 05:30:00",base
0.014,"2026-01-23 05:00:00",base
1.016,"2026-01-23 04:30:00",off-peak
1.405,"2026-01-23 04:00:00",off-peak
1.349,"2026-01-23 03:30:00",off-peak
0.01,"2026-01-23 03:00:00",off-peak
0.005,"2026-01-23 02:30:00",off-peak
0.007,"2026-01-23 02:00:00",off-peak
0.019,"2026-01-23 01:30:00",base
0.039,"2026-01-23 01:00:00",base
0.027,"2026-01-23 00:30:00",base
0.118,"2026-01-23 00:00:00",base
0.37,"2026-01-22 23:30:00",base
0.385,"2026-01-22 23:00:00",base
0.442,"2026-01-22 22:30:00",base
0.503,"2026-01-22 22:00:00",base
0.695,"2026-01-22 21:30:00",base
0.969,"2026-01-22 21:00:00",base
0.841,"2026-01-22 20:30:00",base
0.921,"2026-01-22 20:00:00",base
1.331,"2026-01-22 19:30:00",base
0.748,"2026-01-22 19:00:00",base
0.044,"2026-01-22 18:30:00",peak
0.048,"2026-01-22 18:00:00",peak
0.008,"2026-01-22 17:30:00",peak
0.009,"2026-01-22 17:00:00",peak
0.064,"2026-01-22 16:30:00",peak
0.045,"2026-01-22 16:00:00",peak
0.05,"2026-01-22 15:30:00",base
0.422,"2026-01-22 15:00:00",base
0.142,"2026-01-22 14:30:00",base
1.125,"2026-01-22 14:00:00",base
0.066,"2026-01-22 13:30:00",base
0.079,"2026-01-22 13:00:00",base
0.069,"2026-01-22 12:30:00",base
0.053,"2026-01-22 12:00:00",base
0.088,"2026-01-22 11:30:00",base
0.107,"2026-01-22 11:00:00",base
0.07,"2026-01-22 10:30:00",base
0.089,"2026-01-22 10:00:00",base
0.171,"2026-01-22 09:30:00",base
0.037,"2026-01-22 09:00:00",base
0.004,"2026-01-22 08:30:00",base
0.012,"2026-01-22 08:00:00",base
0.026,"2026-01-22 07:30:00",base
0.008,"2026-01-22 07:00:00",base
0.005,"2026-01-22 06:30:00",base
0.03,"2026-01-22 06:00:00",base
0.01,"2026-01-22 05:30:00",base
0.021,"2026-01-22 05:00:00",base
1.391,"2026-01-22 04:30:00",off-peak
1.393,"2026-01-22 04:00:00",off-peak
1.364,"2026-01-22 03:30:00",off-peak
0.008,"2026-01-22 03:00:00",off-peak
0.033,"2026-01-22 02:30:00",off-peak
0.005,"2026-01-22 02:00:00",off-peak
0.005,"2026-01-22 01:30:00",base
0.037,"2026-01-22 01:00:00",base
0.005,"2026-01-22 00:30:00",base
0.008,"2026-01-22 00:00:00",base
0.027,"2026-01-21 23:30:00",base
0.013,"2026-01-21 23:00:00",base
0.013,"2026-01-21 22:30:00",base
0.141,"2026-01-21 22:00:00",base
0.477,"2026-01-21 21:30:00",base
0.23,"2026-01-21 21:00:00",base
0.068,"2026-01-21 20:30:00",base
0.817,"2026-01-21 20:00:00",base
0.011,"2026-01-21 19:30:00",base
0.011,"2026-01-21 19:00:00",base
0.046,"2026-01-21 18:30:00",peak
0.019,"2026-01-21 18:00:00",peak
0.01,"2026-01-21 17:30:00",peak
0.034,"2026-01-21 17:00:00",peak
0.073,"2026-01-21 16:30:00",peak
0.049,"2026-01-21 16:00:00",peak
0.042,"2026-01-21 15:30:00",base
0.638,"2026-01-21 15:00:00",base
0.035,"2026-01-21 14:30:00",base
0.035,"2026-01-21 14:00:00",base
0.046,"2026-01-21 13:30:00",base
0.051,"2026-01-21 13:00:00",base
0.125,"2026-01-21 12:30:00",base
0.682,"2026-01-21 12:00:00",base
0.671,"2026-01-21 11:30:00",base
0.498,"2026-01-21 11:00:00",base
0.354,"2026-01-21 10:30:00",base
0.037,"2026-01-21 10:00:00",base
0.035,"2026-01-21 09:30:00",base
0.048,"2026-01-21 09:00:00",base
0.017,"2026-01-21 08:30:00",base
0.006,"2026-01-21 08:00:00",base
0.033,"2026-01-21 07:30:00",base
0.021,"2026-01-21 07:00:00",base
0.004,"2026-01-21 06:30:00",base
0.008,"2026-01-21 06:00:00",base
0.01,"2026-01-21 05:30:00",base
0.02,"2026-01-21 05:00:00",base
1.369,"2026-01-21 04:30:00",off-peak
1.375,"2026-01-21 04:00:00",off-peak
1.364,"2026-01-21 03:30:00",off-peak
0.005,"2026-01-21 03:00:00",off-peak
0.013,"2026-01-21 02:30:00",off-peak
0.005,"2026-01-21 02:00:00",off-peak
0.022,"2026-01-21 01:30:00",base
0.033,"2026-01-21 01:00:00",base
0.158,"2026-01-21 00:30:00",base
0.653,"2026-01-21 00:00:00",base
1.038,"2026-01-20 23:30:00",base
0.866,"2026-01-20 23:00:00",base
0.042,"2026-01-20 22:30:00",base
0.035,"2026-01-20 22:00:00",base
0.004,"2026-01-20 21:30:00",base
0.005,"2026-01-20 21:00:00",base
0.016,"2026-01-20 20:30:00",base
0.061,"2026-01-20 20:00:00",base
0.093,"2026-01-20 19:30:00",base
0.639,"2026-01-20 19:00:00",base
0.295,"2026-01-20 18:30:00",base
0.014,"2026-01-20 18:00:00",base
0.29,"2026-01-20 17:30:00",base
0.447,"2026-01-20 17:00:00",base
0.077,"2026-01-20 16:30:00",base
0.045,"2026-01-20 16:00:00",base
0.06,"2026-01-20 15:30:00",base
0.041,"2026-01-20 15:00:00",base
0.036,"2026-01-20 14:30:00",base
0.045,"2026-01-20 14:00:00",base
0.063,"2026-01-20 13:30:00",base
0.074,"2026-01-20 13:00:00",base
0.534,"2026-01-20 12:30:00",base
0.508,"2026-01-20 12:00:00",base
0.503,"2026-01-20 11:30:00",base
0.109,"2026-01-20 11:00:00",base
0.082,"2026-01-20 10:30:00",base
0.158,"2026-01-20 10:00:00",base
0.15,"2026-01-20 09:30:00",base
0.074,"2026-01-20 09:00:00",base
0.009,"2026-01-20 08:30:00",base
0.005,"2026-01-20 08:00:00",base
0.032,"2026-01-20 07:30:00",base
0.022,"2026-01-20 07:00:00",base
0.004,"2026-01-20 06:30:00",base
0.525,"2026-01-20 06:00:00",base
1.35,"2026-01-20 05:30:00",base
1.344,"2026-01-20 05:00:00",base
1.364,"2026-01-20 04:30:00",base
0.023,"2026-01-20 04:00:00",base
0.008,"2026-01-20 03:30:00",base
0.004,"2026-01-20 03:00:00",base
0.005,"2026-01-20 02:30:00",base
0.013,"2026-01-20 02:00:00",base
0.026,"2026-01-20 01:30:00",base
0.019,"2026-01-20 01:00:00",base
0.013,"2026-01-20 00:30:00",base
0.005,"2026-01-20 00:00:00",base
0.008,"2026-01-19 23:30:00",base
0.012,"2026-01-19 23:00:00",base
0.029,"2026-01-19 22:30:00",base
0.02,"2026-01-19 22:00:00",base
0.023,"2026-01-19 21:30:00",base
0.049,"2026-01-19 21:00:00",base
0.062,"2026-01-19 20:30:00",base
0.065,"2026-01-19 20:00:00",base
0.095,"2026-01-19 19:30:00",base
0.069,"2026-01-19 19:00:00",base
0.062,"2026-01-19 18:30:00",base
0.338,"2026-01-19 18:00:00",base
0.6,"2026-01-19 17:30:00",base
0.068,"2026-01-19 17:00:00",base
0.094,"2026-01-19 16:30:00",base
1.106,"2026-01-19 16:00:00",base
0.286,"2026-01-19 15:30:00",base
0.148,"2026-01-19 15:00:00",base
0.025,"2026-01-19 14:30:00",base
0.041,"2026-01-19 14:00:00",base
0.015,"2026-01-19 13:30:00",base
0.018,"2026-01-19 13:00:00",base
0.018,"2026-01-19 12:30:00",base
0.024,"2026-01-19 12:00:00",base
0.035,"2026-01-19 11:30:00",base
0.032,"2026-01-19 11:00:00",base
0.022,"2026-01-19 10:30:00",base
0.027,"2026-01-19 10:00:00",base
