timestamp,humidity_percent
2026-01-23 16:00:00+00:00,63.925
2026-01-23 16:30:00+00:00,62.56923076923077
2026-01-23 17:00:00+00:00,59.333333333333336
2026-01-23 17:30:00+00:00,60.125
2026-01-23 18:00:00+00:00,59.88
2026-01-23 18:30:00+00:00,55.940000000000005
2026-01-23 19:00:00+00:00,57.27894736842105
2026-01-23 19:30:00+00:00,59.0875
2026-01-23 20:00:00+00:00,60.127272727272725
2026-01-23 20:30:00+00:00,61.64
2026-01-23 21:00:00+00:00,60.33571428571429
2026-01-23 21:30:00+00:00,59.65
2026-01-23 22:00:00+00:00,59.15714285714286
2026-01-23 22:30:00+00:00,58.260000000000005
2026-01-23 23:00:00+00:00,57.33
2026-01-23 23:30:00+00:00,57.477777777777774
2026-01-24 00:00:00+00:00,56.642857142857146
2026-01-24 00:30:00+00:00,56.271428571428565
2026-01-24 01:00:00+00:00,56.475
2026-01-24 01:30:00+00:00,55.66153846153846
2026-01-24 02:00:00+00:00,54.779999999999994
2026-01-24 02:30:00+00:00,54.85
2026-01-24 03:00:00+00:00,54.5875
2026-01-24 03:30:00+00:00,53.95
2026-01-24 04:00:00+00:00,53.92857142857143
2026-01-24 04:30:00+00:00,53.82000000000001
2026-01-24 05:00:00+00:00,53.05
2026-01-24 05:30:00+00:00,52.9375
2026-01-24 06:00:00+00:00,52.74444444444444
2026-01-24 06:30:00+00:00,52.1375
2026-01-24 07:00:00+00:00,51.9875
2026-01-24 07:30:00+00:00,51.875
2026-01-24 08:00:00+00:00,51.4
2026-01-24 08:30:00+00:00,51.48333333333333
2026-01-24 09:00:00+00:00,51.7
2026-01-24 09:30:00+00:00,51.2
2026-01-24 10:00:00+00:00,50.925
2026-01-24 10:30:00+00:00,50.9
2026-01-24 11:00:00+00:00,50.1
2026-01-24 11:30:00+00:00,49.94
2026-01-24 12:00:00+00:00,50.160000000000004
2026-01-24 12:30:00+00:00,49.58
2026-01-24 13:00:00+00:00,49.225
2026-01-24 13:30:00+00:00,49.800000000000004
2026-01-24 14:00:00+00:00,49.3
2026-01-24 14:30:00+00:00,49.075
2026-01-24 15:00:00+00:00,49.55
2026-01-24 15:30:00+00:00,48.93333333333334
2026-01-24 16:00:00+00:00,48.75
2026-01-24 16:30:00+00:00,48.824999999999996
2026-01-24 17:00:00+00:00,48.9
2026-01-24 17:30:00+00:00,49.0
2026-01-24 18:00:00+00:00,49.1
2026-01-24 18:30:00+00:00,49.075
2026-01-24 19:00:00+00:00,48.9625
2026-01-24 19:30:00+00:00,48.849999999999994
2026-01-24 20:00:00+00:00,48.51666666666667
2026-01-24 20:30:00+00:00,48.11666666666667
2026-01-24 21:00:00+00:00,48.0
2026-01-24 21:30:00+00:00,48.14
2026-01-24 22:00:00+00:00,47.7
2026-01-24 22:30:00+00:00,47.74285714285714
2026-01-24 23:00:00+00:00,47.62
2026-01-24 23:30:00+00:00,47.4
2026-01-25 00:00:00+00:00,47.5
2026-01-25 00:30:00+00:00,47.6
2026-01-25 01:00:00+00:00,47.175000000000004
2026-01-25 01:30:00+00:00,47.5
2026-01-25 02:00:00+00:00,47.5
2026-01-25 02:30:00+00:00,47.28333333333333
2026-01-25 03:00:00+00:00,47.40909090909091
2026-01-25 03:30:00+00:00,47.725
2026-01-25 04:00:00+00:00,47.349999999999994
2026-01-25 04:30:00+00:00,47.31428571428571
2026-01-25 05:00:00+00:00,47.666666666666664
2026-01-25 05:30:00+00:00,47.3
2026-01-25 06:00:00+00:00,47.25
2026-01-25 06:30:00+00:00,47.65
2026-01-25 07:00:00+00:00,47.43333333333334
2026-01-25 07:30:00+00:00,47.339999999999996
2026-01-25 08:00:00+00:00,47.65
2026-01-25 08:30:00+00:00,47.480000000000004
2026-01-25 09:00:00+00:00,47.379999999999995
2026-01-25 09:30:00+00:00,47.65
2026-01-25 10:00:00+00:00,47.55714285714286
2026-01-25 10:30:00+00:00,47.25
2026-01-25 11:00:00+00:00,47.275
2026-01-25 11:30:00+00:00,47.422222222222224
2026-01-25 12:00:00+00:00,47.13333333333333
2026-01-25 12:30:00+00:00,47.2
2026-01-25 13:00:00+00:00,47.48571428571429
2026-01-25 13:30:00+00:00,46.98333333333333
2026-01-25 14:00:00+00:00,46.82
2026-01-25 14:30:00+00:00,47.05
2026-01-25 15:00:00+00:00,46.519999999999996
2026-01-25 15:30:00+00:00,46.199999999999996
2026-01-25 16:00:00+00:00,46.375
2026-01-25 16:30:00+00:00,46.05
2026-01-25 17:00:00+00:00,45.65
2026-01-25 17:30:00+00:00,45.7
2026-01-25 18:00:00+00:00,45.528571428571425
2026-01-25 18:30:00+00:00,45.25
2026-01-25 19:00:00+00:00,45.15
2026-01-25 19:30:00+00:00,44.95
2026-01-25 20:00:00+00:00,44.550000000000004
2026-01-25 20:30:00+00:00,44.275
2026-01-25 21:00:00+00:00,44.12
2026-01-25 21:30:00+00:00,43.9
2026-01-25 22:00:00+00:00,43.660000000000004
2026-01-25 22:30:00+00:00,43.87142857142857
2026-01-25 23:00:00+00:00,43.739999999999995
2026-01-25 23:30:00+00:00,43.6
2026-01-26 00:00:00+00:00,43.92727272727273
2026-01-26 00:30:00+00:00,43.849999999999994
2026-01-26 01:00:00+00:00,43.714285714285715
2026-01-26 01:30:00+00:00,43.8
2026-01-26 02:00:00+00:00,43.88333333333333
2026-01-26 02:30:00+00:00,43.7
2026-01-26 03:00:00+00:00,43.7
2026-01-26 03:30:00+00:00,43.916666666666664
2026-01-26 04:00:00+00:00,43.59
2026-01-26 04:30:00+00:00,43.45
2026-01-26 05:00:00+00:00,43.55
2026-01-26 05:30:00+00:00,43.416666666666664
2026-01-26 06:00:00+00:00,43.23333333333333
2026-01-26 06:30:00+00:00,43.371428571428574
2026-01-26 07:00:00+00:00,43.28
2026-01-26 07:30:00+00:00,43.142857142857146
2026-01-26 08:00:00+00:00,43.35
2026-01-26 08:30:00+00:00,43.28
2026-01-26 09:00:00+00:00,43.06666666666666
2026-01-26 09:30:00+00:00,43.0
2026-01-26 10:00:00+00:00,43.160000000000004
2026-01-26 10:30:00+00:00,42.849999999999994
2026-01-26 11:00:00+00:00,42.660000000000004
2026-01-26 11:30:00+00:00,42.6
2026-01-26 12:00:00+00:00,42.300000000000004
2026-01-26 12:30:00+00:00,42.21111111111111
2026-01-26 13:00:00+00:00,42.21666666666667
2026-01-26 13:30:00+00:00,42.08571428571429
2026-01-26 14:00:00+00:00,41.642857142857146
2026-01-26 14:30:00+00:00,41.43333333333333
2026-01-26 15:00:00+00:00,41.22
2026-01-26 15:30:00+00:00,40.82
2026-01-26 16:00:00+00:00,40.416666666666664
2026-01-26 16:30:00+00:00,40.455555555555556
2026-01-26 17:00:00+00:00,40.083333333333336
2026-01-26 17:30:00+00:00,39.92
2026-01-26 18:00:00+00:00,39.92
2026-01-26 18:30:00+00:00,39.957142857142856
2026-01-26 19:00:00+00:00,39.8
2026-01-26 19:30:00+00:00,39.75
2026-01-26 20:00:00+00:00,39.81666666666666
2026-01-26 20:30:00+00:00,39.55714285714286
2026-01-26 21:00:00+00:00,39.44
2026-01-26 21:30:00+00:00,39.58
2026-01-26 22:00:00+00:00,39.457142857142856
2026-01-26 22:30:00+00:00,39.45
2026-01-26 23:00:00+00:00,39.733333333333334
2026-01-26 23:30:00+00:00,39.949999999999996
2026-01-27 00:00:00+00:00,40.042857142857144
2026-01-27 00:30:00+00:00,40.016666666666666
2026-01-27 01:00:00+00:00,40.300000000000004
2026-01-27 01:30:00+00:00,39.95
2026-01-27 02:00:00+00:00,39.725
2026-01-27 02:30:00+00:00,39.839999999999996
2026-01-27 03:00:00+00:00,39.56666666666667
2026-01-27 03:30:00+00:00,39.5
2026-01-27 04:00:00+00:00,39.855555555555554
2026-01-27 04:30:00+00:00,39.95
2026-01-27 05:00:00+00:00,39.885714285714286
2026-01-27 05:30:00+00:00,39.9
2026-01-27 06:00:00+00:00,40.510000000000005
2026-01-27 06:30:00+00:00,40.38333333333333
2026-01-27 07:00:00+00:00,40.44444444444444
2026-01-27 07:30:00+00:00,40.95
2026-01-27 08:00:00+00:00,41.050000000000004
2026-01-27 08:30:00+00:00,40.95
2026-01-27 09:00:00+00:00,41.31428571428571
2026-01-27 09:30:00+00:00,41.733333333333334
2026-01-27 10:00:00+00:00,41.67142857142857
2026-01-27 10:30:00+00:00,41.660000000000004
2026-01-27 11:00:00+00:00,42.2
2026-01-27 11:30:00+00:00,42.02222222222222
2026-01-27 12:00:00+00:00,42.050000000000004
2026-01-27 12:30:00+00:00,42.78
2026-01-27 13:00:00+00:00,42.83
2026-01-27 13:30:00+00:00,42.7
2026-01-27 14:00:00+00:00,42.93333333333334
2026-01-27 14:30:00+00:00,43.47272727272727
2026-01-27 15:00:00+00:00,43.0
2026-01-27 15:30:00+00:00,42.95
2026-01-27 16:00:00+00:00,43.693333333333335
2026-01-27 16:30:00+00:00,43.53333333333333
2026-01-27 17:00:00+00:00,43.45
2026-01-27 17:30:00+00:00,43.873333333333335
2026-01-27 18:00:00+00:00,44.55
2026-01-27 18:30:00+00:00,44.1
2026-01-27 19:00:00+00:00,44.22
2026-01-27 19:30:00+00:00,44.957142857142856
2026-01-27 20:00:00+00:00,44.43333333333334
2026-01-27 20:30:00+00:00,44.38333333333333
2026-01-27 21:00:00+00:00,44.9
2026-01-27 21:30:00+00:00,44.63333333333333
2026-01-27 22:00:00+00:00,44.4
2026-01-27 22:30:00+00:00,44.577777777777776
2026-01-27 23:00:00+00:00,44.62
2026-01-27 23:30:00+00:00,44.25
2026-01-28 00:00:00+00:00,44.01666666666667
2026-01-28 00:30:00+00:00,44.128571428571426
2026-01-28 01:00:00+00:00,43.849999999999994
2026-01-28 01:30:00+00:00,43.56666666666666
2026-01-28 02:00:00+00:00,43.5
2026-01-28 02:30:00+00:00,43.3
2026-01-28 03:00:00+00:00,43.1
2026-01-28 03:30:00+00:00,43.0
2026-01-28 04:00:00+00:00,42.849999999999994
2026-01-28 04:30:00+00:00,42.65
2026-01-28 05:00:00+00:00,42.4
2026-01-28 05:30:00+00:00,42.3
2026-01-28 06:00:00+00:00,42.03333333333333
2026-01-28 06:30:00+00:00,41.699999999999996
2026-01-28 07:00:00+00:00,41.75
2026-01-28 07:30:00+00:00,41.45
2026-01-28 08:00:00+00:00,41.25714285714286
2026-01-28 08:30:00+00:00,41.1
2026-01-28 09:00:00+00:00,41.1
2026-01-28 09:30:00+00:00,40.8
2026-01-28 10:00:00+00:00,40.625
2026-01-28 10:30:00+00:00,40.766666666666666
2026-01-28 11:00:00+00:00,40.666666666666664
2026-01-28 11:30:00+00:00,40.85
2026-01-28 12:00:00+00:00,41.2
2026-01-28 12:30:00+00:00,41.1
2026-01-28 13:00:00+00:00,41.0
2026-01-28 13:30:00+00:00,41.625
2026-01-28 14:00:00+00:00,41.3
2026-01-28 14:30:00+00:00,41.349999999999994
2026-01-28 15:00:00+00:00,41.56
2026-01-28 15:30:00+00:00,41.56666666666667
2026-01-28 16:00:00+00:00,41.4
2026-01-28 16:30:00+00:00,41.86666666666667
2026-01-28 17:00:00+00:00,42.1
2026-01-28 17:30:00+00:00,42.0
2026-01-28 18:00:00+00:00,41.925
2026-01-28 18:30:00+00:00,42.4
2026-01-28 19:00:00+00:00,42.05
2026-01-28 19:30:00+00:00,42.25833333333333
2026-01-28 20:00:00+00:00,42.46666666666667
2026-01-28 20:30:00+00:00,42.475
2026-01-28 21:00:00+00:00,42.52321428571429
2026-01-28 21:30:00+00:00,42.57142857142857
2026-01-28 22:00:00+00:00,42.86
2026-01-28 22:30:00+00:00,42.6
2026-01-28 23:00:00+00:00,42.8
2026-01-28 23:30:00+00:00,43.14
2026-01-29 00:00:00+00:00,42.8
2026-01-29 00:30:00+00:00,42.7
2026-01-29 01:00:00+00:00,43.03333333333333
2026-01-29 01:30:00+00:00,42.81666666666666
2026-01-29 02:00:00+00:00,42.73333333333333
2026-01-29 02:30:00+00:00,42.88333333333333
2026-01-29 03:00:00+00:00,42.95
2026-01-29 03:30:00+00:00,42.93333333333334
2026-01-29 04:00:00+00:00,43.075
2026-01-29 04:30:00+00:00,43.46
2026-01-29 05:00:00+00:00,43.26666666666667
2026-01-29 05:30:00+00:00,43.300000000000004
2026-01-29 06:00:00+00:00,43.48888888888889
2026-01-29 06:30:00+00:00,43.333333333333336
2026-01-29 07:00:00+00:00,43.14
2026-01-29 07:30:00+00:00,42.95
2026-01-29 08:00:00+00:00,42.65
2026-01-29 08:30:00+00:00,42.3
2026-01-29 09:00:00+00:00,42.099999999999994
2026-01-29 09:30:00+00:00,41.9
2026-01-29 10:00:00+00:00,41.46666666666667
2026-01-29 10:30:00+00:00,41.3
2026-01-29 11:00:00+00:00,41.349999999999994
2026-01-29 11:30:00+00:00,41.3
2026-01-29 12:00:00+00:00,41.1
2026-01-29 12:30:00+00:00,41.075
2026-01-29 13:00:00+00:00,41.1
2026-01-29 13:30:00+00:00,41.019999999999996
2026-01-29 14:00:00+00:00,40.959999999999994
2026-01-29 14:30:00+00:00,40.9
2026-01-29 15:00:00+00:00,40.9
2026-01-29 15:30:00+00:00,40.666666666666664
2026-01-29 16:00:00+00:00,40.7
2026-01-29 16:30:00+00:00,40.45
2026-01-29 17:00:00+00:00,40.45
2026-01-29 17:30:00+00:00,40.3
2026-01-29 18:00:00+00:00,40.3
2026-01-29 18:30:00+00:00,40.06
2026-01-29 19:00:00+00:00,39.93
2026-01-29 19:30:00+00:00,39.8
2026-01-29 20:00:00+00:00,39.379999999999995
2026-01-29 20:30:00+00:00,39.0
2026-01-29 21:00:00+00:00,39.05
2026-01-29 21:30:00+00:00,38.84285714285714
2026-01-29 22:00:00+00:00,38.575
2026-01-29 22:30:00+00:00,38.5
2026-01-29 23:00:00+00:00,38.349999999999994
2026-01-29 23:30:00+00:00,38.13333333333333
2026-01-30 00:00:00+00:00,37.875
2026-01-30 00:30:00+00:00,37.7
2026-01-30 01:00:00+00:00,37.4
2026-01-30 01:30:00+00:00,37.2
2026-01-30 02:00:00+00:00,37.199999999999996
2026-01-30 02:30:00+00:00,37.0
2026-01-30 03:00:00+00:00,37.03333333333333
2026-01-30 03:30:00+00:00,37.075
2026-01-30 04:00:00+00:00,36.94444444444444
2026-01-30 04:30:00+00:00,36.96666666666667
2026-01-30 05:00:00+00:00,37.2
2026-01-30 05:30:00+00:00,37.05
2026-01-30 06:00:00+00:00,37.25
2026-01-30 06:30:00+00:00,37.275
2026-01-30 07:00:00+00:00,37.6
2026-01-30 07:30:00+00:00,37.53333333333333
2026-01-30 08:00:00+00:00,37.8
2026-01-30 08:30:00+00:00,38.0
2026-01-30 09:00:00+00:00,37.9
2026-01-30 09:30:00+00:00,38.11666666666667
2026-01-30 10:00:00+00:00,38.857142857142854
2026-01-30 10:30:00+00:00,38.775
2026-01-30 11:00:00+00:00,39.0
2026-01-30 11:30:00+00:00,39.5
2026-01-30 12:00:00+00:00,39.800000000000004
2026-01-30 12:30:00+00:00,39.8
2026-01-30 13:00:00+00:00,40.17999999999999
2026-01-30 13:30:00+00:00,40.86
2026-01-30 14:00:00+00:00,40.55
2026-01-30 14:30:00+00:00,40.8
2026-01-30 15:00:00+00:00,41.550000000000004
2026-01-30 15:30:00+00:00,41.3
2026-01-30 16:00:00+00:00,41.55
2026-01-30 16:30:00+00:00,42.15
2026-01-30 17:00:00+00:00,42.31666666666667
2026-01-30 17:30:00+00:00,42.1
2026-01-30 18:00:00+00:00,42.5
2026-01-30 18:30:00+00:00,43.03333333333333
2026-01-30 19:00:00+00:00,42.666666666666664
2026-01-30 19:30:00+00:00,43.2
2026-01-30 20:00:00+00:00,43.64
2026-01-30 20:30:00+00:00,43.2
2026-01-30 21:00:00+00:00,43.166666666666664
2026-01-30 21:30:00+00:00,43.98333333333333
2026-01-30 22:00:00+00:00,43.5
2026-01-30 22:30:00+00:00,43.4
2026-01-30 23:00:00+00:00,43.96666666666667
2026-01-30 23:30:00+00:00,43.7
2026-01-31 00:00:00+00:00,43.25
2026-01-31 00:30:00+00:00,44.03333333333333
2026-01-31 01:00:00+00:00,43.916666666666664
2026-01-31 01:30:00+00:00,43.63333333333333
2026-01-31 02:00:00+00:00,44.3
2026-01-31 02:30:00+00:00,44.38
2026-01-31 03:00:00+00:00,44.0
2026-01-31 03:30:00+00:00,44.42857142857143
2026-01-31 04:00:00+00:00,44.6625
2026-01-31 04:30:00+00:00,44.3
2026-01-31 05:00:00+00:00,44.28
2026-01-31 05:30:00+00:00,44.9
2026-01-31 06:00:00+00:00,44.5
2026-01-31 06:30:00+00:00,44.25
2026-01-31 07:00:00+00:00,44.7
2026-01-31 07:30:00+00:00,44.300000000000004
2026-01-31 08:00:00+00:00,44.128571428571426
2026-01-31 08:30:00+00:00,44.15
2026-01-31 09:00:00+00:00,43.925
2026-01-31 09:30:00+00:00,43.6
2026-01-31 10:00:00+00:00,43.525
2026-01-31 10:30:00+00:00,43.6
2026-01-31 11:00:00+00:00,43.2
2026-01-31 11:30:00+00:00,44.03333333333333
2026-01-31 12:00:00+00:00,44.0
2026-01-31 12:30:00+00:00,43.4
2026-01-31 13:00:00+00:00,43.891666666666666
2026-01-31 13:30:00+00:00,44.38333333333333
2026-01-31 14:00:00+00:00,44.175000000000004
2026-01-31 14:30:00+00:00,43.96666666666667
2026-01-31 15:00:00+00:00,44.5
2026-01-31 15:30:00+00:00,44.475
2026-01-31 16:00:00+00:00,44.54
2026-01-31 16:30:00+00:00,45.05
2026-01-31 17:00:00+00:00,44.349999999999994
2026-01-31 17:30:00+00:00,44.125
2026-01-31 18:00:00+00:00,44.95
2026-01-31 18:30:00+00:00,44.2
2026-01-31 19:00:00+00:00,44.3
2026-01-31 19:30:00+00:00,44.839999999999996
2026-01-31 20:00:00+00:00,44.43333333333334
2026-01-31 20:30:00+00:00,44.59791666666667
2026-01-31 21:00:00+00:00,44.7625
2026-01-31 21:30:00+00:00,44.519999999999996
2026-01-31 22:00:00+00:00,44.48333333333333
2026-01-31 22:30:00+00:00,45.166666666666664
2026-01-31 23:00:00+00:00,44.9
2026-01-31 23:30:00+00:00,44.849999999999994
2026-02-01 00:00:00+00:00,45.526666666666664
2026-02-01 00:30:00+00:00,45.35
2026-02-01 01:00:00+00:00,45.285714285714285
2026-02-01 01:30:00+00:00,45.83
2026-02-01 02:00:00+00:00,45.725
2026-02-01 02:30:00+00:00,45.583333333333336
2026-02-01 03:00:00+00:00,45.9875
2026-02-01 03:30:00+00:00,46.03
2026-02-01 04:00:00+00:00,45.8
2026-02-01 04:30:00+00:00,46.02307692307692
2026-02-01 05:00:00+00:00,46.17
2026-02-01 05:30:00+00:00,45.8
2026-02-01 06:00:00+00:00,45.89
2026-02-01 06:30:00+00:00,45.949999999999996
2026-02-01 07:00:00+00:00,45.625
2026-02-01 07:30:00+00:00,45.65
2026-02-01 08:00:00+00:00,45.45
2026-02-01 08:30:00+00:00,44.95
2026-02-01 09:00:00+00:00,44.95
2026-02-01 09:30:00+00:00,44.99090909090909
2026-02-01 10:00:00+00:00,44.4
2026-02-01 10:30:00+00:00,44.62222222222223
2026-02-01 11:00:00+00:00,44.5923076923077
2026-02-01 11:30:00+00:00,44.23333333333333
2026-02-01 12:00:00+00:00,44.54
2026-02-01 12:30:00+00:00,44.7
2026-02-01 13:00:00+00:00,44.1625
2026-02-01 13:30:00+00:00,44.4
2026-02-01 14:00:00+00:00,44.77777777777778
2026-02-01 14:30:00+00:00,44.3
2026-02-01 15:00:00+00:00,44.554545454545455
2026-02-01 15:30:00+00:00,44.989999999999995
2026-02-01 16:00:00+00:00,44.55
2026-02-01 16:30:00+00:00,44.690909090909095
2026-02-01 17:00:00+00:00,44.95
2026-02-01 17:30:00+00:00,44.6
2026-02-01 18:00:00+00:00,44.55
2026-02-01 18:30:00+00:00,44.809090909090905
2026-02-01 19:00:00+00:00,44.45
2026-02-01 19:30:00+00:00,44.25
2026-02-01 20:00:00+00:00,44.66923076923077
2026-02-01 20:30:00+00:00,44.1
2026-02-01 21:00:00+00:00,44.050000000000004
2026-02-01 21:30:00+00:00,44.43636363636364
2026-02-01 22:00:00+00:00,44.150000000000006
2026-02-01 22:30:00+00:00,44.15714285714286
2026-02-01 23:00:00+00:00,44.43333333333333
2026-02-01 23:30:00+00:00,44.150000000000006
2026-02-02 00:00:00+00:00,44.1
2026-02-02 00:30:00+00:00,44.27777777777778
2026-02-02 01:00:00+00:00,44.150000000000006
2026-02-02 01:30:00+00:00,43.949999999999996
2026-02-02 02:00:00+00:00,44.31818181818182
2026-02-02 02:30:00+00:00,44.1
2026-02-02 03:00:00+00:00,44.083333333333336
2026-02-02 03:30:00+00:00,44.53
2026-02-02 04:00:00+00:00,44.349999999999994
2026-02-02 04:30:00+00:00,44.349999999999994
2026-02-02 05:00:00+00:00,44.8
2026-02-02 05:30:00+00:00,44.666666666666664
2026-02-02 06:00:00+00:00,44.675000000000004
2026-02-02 06:30:00+00:00,45.26363636363636
2026-02-02 07:00:00+00:00,44.989999999999995
2026-02-02 07:30:00+00:00,44.98333333333333
2026-02-02 08:00:00+00:00,45.45
2026-02-02 08:30:00+00:00,45.44444444444444
2026-02-02 09:00:00+00:00,45.17142857142857
2026-02-02 09:30:00+00:00,45.5
2026-02-02 10:00:00+00:00,45.38333333333333
2026-02-02 10:30:00+00:00,45.0
2026-02-02 11:00:00+00:00,45.26153846153846
2026-02-02 11:30:00+00:00,45.13333333333333
2026-02-02 12:00:00+00:00,44.733333333333334
2026-02-02 12:30:00+00:00,44.74444444444444
2026-02-02 13:00:00+00:00,44.583333333333336
2026-02-02 13:30:00+00:00,44.175
2026-02-02 14:00:00+00:00,43.98333333333333
2026-02-02 14:30:00+00:00,43.9
2026-02-02 15:00:00+00:00,43.449999999999996
2026-02-02 15:30:00+00:00,43.42
2026-02-02 16:00:00+00:00,43.44285714285714
2026-02-02 16:30:00+00:00,43.08571428571429
2026-02-02 17:00:00+00:00,42.824999999999996
2026-02-02 17:30:00+00:00,43.050000000000004
2026-02-02 18:00:00+00:00,42.55
2026-02-02 18:30:00+00:00,42.55
2026-02-02 19:00:00+00:00,42.84615384615385
2026-02-02 19:30:00+00:00,42.25
2026-02-02 20:00:00+00:00,42.260000000000005
2026-02-02 20:30:00+00:00,42.62
2026-02-02 21:00:00+00:00,42.18333333333334
2026-02-02 21:30:00+00:00,42.22
2026-02-02 22:00:00+00:00,42.4
2026-02-02 22:30:00+00:00,41.879999999999995
2026-02-02 23:00:00+00:00,41.75
2026-02-02 23:30:00+00:00,42.25454545454546
2026-02-03 00:00:00+00:00,41.9
2026-02-03 00:30:00+00:00,41.650000000000006
2026-02-03 01:00:00+00:00,42.292857142857144
2026-02-03 01:30:00+00:00,41.85
2026-02-03 02:00:00+00:00,41.575
2026-02-03 02:30:00+00:00,42.018181818181816
2026-02-03 03:00:00+00:00,41.61818181818182
2026-02-03 03:30:00+00:00,41.44
2026-02-03 04:00:00+00:00,41.84
2026-02-03 04:30:00+00:00,41.607692307692304
2026-02-03 05:00:00+00:00,41.225
2026-02-03 05:30:00+00:00,41.230000000000004
2026-02-03 06:00:00+00:00,40.989999999999995
2026-02-03 06:30:00+00:00,40.480000000000004
2026-02-03 07:00:00+00:00,40.475
2026-02-03 07:30:00+00:00,40.416666666666664
2026-02-03 08:00:00+00:00,39.95
2026-02-03 08:30:00+00:00,39.55
2026-02-03 09:00:00+00:00,39.35
2026-02-03 09:30:00+00:00,39.1
2026-02-03 10:00:00+00:00,38.78
2026-02-03 10:30:00+00:00,38.63333333333333
2026-02-03 11:00:00+00:00,38.45
2026-02-03 11:30:00+00:00,38.3
2026-02-03 12:00:00+00:00,38.18333333333334
2026-02-03 12:30:00+00:00,37.95
2026-02-03 13:00:00+00:00,37.78333333333333
2026-02-03 13:30:00+00:00,37.63
2026-02-03 14:00:00+00:00,37.44
2026-02-03 14:30:00+00:00,37.333333333333336
2026-02-03 15:00:00+00:00,37.18333333333334
2026-02-03 15:30:00+00:00,37.25
2026-02-03 16:00:00+00:00,37.275
2026-02-03 16:30:00+00:00,37.3
2026-02-03 17:00:00+00:00,37.349999999999994
2026-02-03 17:30:00+00:00,37.339999999999996
2026-02-03 18:00:00+00:00,37.43333333333333
2026-02-03 18:30:00+00:00,37.55
2026-02-03 19:00:00+00:00,37.449999999999996
2026-02-03 19:30:00+00:00,37.56
2026-02-03 20:00:00+00:00,37.72
2026-02-03 20:30:00+00:00,37.75
2026-02-03 21:00:00+00:00,37.86785714285714
2026-02-03 21:30:00+00:00,37.98571428571428
2026-02-03 22:00:00+00:00,37.9
2026-02-03 22:30:00+00:00,37.96666666666667
2026-02-03 23:00:00+00:00,38.150000000000006
2026-02-03 23:30:00+00:00,38.025
2026-02-04 00:00:00+00:00,37.95
2026-02-04 00:30:00+00:00,38.1
2026-02-04 01:00:00+00:00,38.18181818181818
2026-02-04 01:30:00+00:00,38.166666666666664
2026-02-04 02:00:00+00:00,38.18
2026-02-04 02:30:00+00:00,38.51111111111111
2026-02-04 03:00:00+00:00,38.46
2026-02-04 03:30:00+00:00,38.625
2026-02-04 04:00:00+00:00,39.166666666666664
2026-02-04 04:30:00+00:00,39.166666666666664
2026-02-04 05:00:00+00:00,39.349999999999994
2026-02-04 05:30:00+00:00,39.675
2026-02-04 06:00:00+00:00,39.83
2026-02-04 06:30:00+00:00,39.766666666666666
2026-02-04 07:00:00+00:00,40.075
2026-02-04 07:30:00+00:00,40.5
2026-02-04 08:00:00+00:00,40.31428571428571
2026-02-04 08:30:00+00:00,40.3
2026-02-04 09:00:00+00:00,40.760000000000005
2026-02-04 09:30:00+00:00,40.675000000000004
2026-02-04 10:00:00+00:00,40.739999999999995
2026-02-04 10:30:00+00:00,40.98571428571428
2026-02-04 11:00:00+00:00,40.71111111111111
2026-02-04 11:30:00+00:00,40.41
2026-02-04 12:00:00+00:00,40.75
2026-02-04 12:30:00+00:00,40.611111111111114
2026-02-04 13:00:00+00:00,40.5
2026-02-04 13:30:00+00:00,40.75
2026-02-04 14:00:00+00:00,41.028571428571425
2026-02-04 14:30:00+00:00,40.9
2026-02-04 15:00:00+00:00,41.075
2026-02-04 15:30:00+00:00,41.56666666666667
2026-02-04 16:00:00+00:00,41.150000000000006
2026-02-04 16:30:00+00:00,41.285714285714285
2026-02-04 17:00:00+00:00,42.0125
2026-02-04 17:30:00+00:00,41.75
2026-02-04 18:00:00+00:00,41.8
2026-02-04 18:30:00+00:00,42.38333333333333
2026-02-04 19:00:00+00:00,42.24285714285714
2026-02-04 19:30:00+00:00,42.190000000000005
2026-02-04 20:00:00+00:00,42.625
2026-02-04 20:30:00+00:00,42.63333333333333
2026-02-04 21:00:00+00:00,42.349999999999994
2026-02-04 21:30:00+00:00,42.550000000000004
2026-02-04 22:00:00+00:00,42.54615384615385
2026-02-04 22:30:00+00:00,42.3
2026-02-04 23:00:00+00:00,42.333333333333336
2026-02-04 23:30:00+00:00,42.575
2026-02-05 00:00:00+00:00,42.3
2026-02-05 00:30:00+00:00,42.333333333333336
2026-02-05 01:00:00+00:00,42.728571428571435
2026-02-05 01:30:00+00:00,42.4
2026-02-05 02:00:00+00:00,42.349999999999994
2026-02-05 02:30:00+00:00,42.61666666666667
2026-02-05 03:00:00+00:00,42.42857142857143
2026-02-05 03:30:00+00:00,42.3
2026-02-05 04:00:00+00:00,42.36666666666667
2026-02-05 04:30:00+00:00,42.166666666666664
2026-02-05 05:00:00+00:00,41.879999999999995
2026-02-05 05:30:00+00:00,41.85
2026-02-05 06:00:00+00:00,41.7625
2026-02-05 06:30:00+00:00,41.3
2026-02-05 07:00:00+00:00,41.271428571428565
2026-02-05 07:30:00+00:00,41.199999999999996
2026-02-05 08:00:00+00:00,40.85
2026-02-05 08:30:00+00:00,40.650000000000006
2026-02-05 09:00:00+00:00,40.771428571428565
2026-02-05 09:30:00+00:00,40.425
2026-02-05 10:00:00+00:00,40.35
2026-02-05 10:30:00+00:00,40.516666666666666
2026-02-05 11:00:00+00:00,40.2
2026-02-05 11:30:00+00:00,40.05555555555556
2026-02-05 12:00:00+00:00,40.36
2026-02-05 12:30:00+00:00,40.077777777777776
2026-02-05 13:00:00+00:00,40.0
2026-02-05 13:30:00+00:00,40.1
2026-02-05 14:00:00+00:00,40.016666666666666
2026-02-05 14:30:00+00:00,39.75
2026-02-05 15:00:00+00:00,39.7
2026-02-05 15:30:00+00:00,39.9
2026-02-05 16:00:00+00:00,39.56666666666667
2026-02-05 16:30:00+00:00,39.58
2026-02-05 17:00:00+00:00,39.6
2026-02-05 17:30:00+00:00,39.4
2026-02-05 18:00:00+00:00,39.333333333333336
2026-02-05 18:30:00+00:00,39.43333333333333
2026-02-05 19:00:00+00:00,39.225
2026-02-05 19:30:00+00:00,39.3
2026-02-05 20:00:00+00:00,39.333333333333336
2026-02-05 20:30:00+00:00,39.18571428571429
2026-02-05 21:00:00+00:00,39.1
2026-02-05 21:30:00+00:00,39.4
2026-02-05 22:00:00+00:00,39.2
2026-02-05 22:30:00+00:00,39.1
2026-02-05 23:00:00+00:00,39.2
2026-02-05 23:30:00+00:00,39.2
2026-02-06 00:00:00+00:00,39.166666666666664
2026-02-06 00:30:00+00:00,39.1
2026-02-06 01:00:00+00:00,39.150000000000006
2026-02-06 01:30:00+00:00,39.0
2026-02-06 02:00:00+00:00,38.93333333333333
2026-02-06 02:30:00+00:00,39.1
2026-02-06 03:00:00+00:00,39.14
2026-02-06 03:30:00+00:00,39.20333333333333
2026-02-06 04:00:00+00:00,39.26666666666667
2026-02-06 04:30:00+00:00,39.375
2026-02-06 05:00:00+00:00,39.266666666666666
2026-02-06 05:30:00+00:00,39.45
2026-02-06 06:00:00+00:00,39.650000000000006
2026-02-06 06:30:00+00:00,39.54
2026-02-06 07:00:00+00:00,39.6
2026-02-06 07:30:00+00:00,40.0
2026-02-06 08:00:00+00:00,39.95
2026-02-06 08:30:00+00:00,40.05
2026-02-06 09:00:00+00:00,40.35
2026-02-06 09:30:00+00:00,40.266666666666666
2026-02-06 10:00:00+00:00,40.53333333333333
2026-02-06 10:30:00+00:00,40.800000000000004
2026-02-06 11:00:00+00:00,40.75
2026-02-06 11:30:00+00:00,40.675000000000004
2026-02-06 12:00:00+00:00,40.88333333333333
2026-02-06 12:30:00+00:00,41.285714285714285
2026-02-06 13:00:00+00:00,41.05
2026-02-06 13:30:00+00:00,41.166666666666664
2026-02-06 14:00:00+00:00,41.675
2026-02-06 14:30:00+00:00,41.3
2026-02-06 15:00:00+00:00,41.3
2026-02-06 15:30:00+00:00,41.766666666666666
2026-02-06 16:00:00+00:00,41.575
2026-02-06 16:30:00+00:00,41.45
2026-02-06 17:00:00+00:00,41.65
2026-02-06 17:30:00+00:00,41.7
2026-02-06 18:00:00+00:00,41.55
2026-02-06 18:30:00+00:00,41.766666666666666
2026-02-06 19:00:00+00:00,41.833333333333336
2026-02-06 19:30:00+00:00,41.650000000000006
2026-02-06 20:00:00+00:00,41.75
2026-02-06 20:30:00+00:00,42.0
2026-02-06 21:00:00+00:00,41.849999999999994
2026-02-06 21:30:00+00:00,41.833333333333336
2026-02-06 22:00:00+00:00,42.1
2026-02-06 22:30:00+00:00,42.05
2026-02-06 23:00:00+00:00,42.05
2026-02-06 23:30:00+00:00,42.416666666666664
2026-02-07 00:00:00+00:00,42.4
2026-02-07 00:30:00+00:00,42.32
2026-02-07 01:00:00+00:00,42.519999999999996
2026-02-07 01:30:00+00:00,42.71111111111111
2026-02-07 02:00:00+00:00,42.64
2026-02-07 02:30:00+00:00,42.980000000000004
2026-02-07 03:00:00+00:00,43.050000000000004
2026-02-07 03:30:00+00:00,42.94
2026-02-07 04:00:00+00:00,43.01428571428572
2026-02-07 04:30:00+00:00,43.416666666666664
2026-02-07 05:00:00+00:00,43.26666666666667
2026-02-07 05:30:00+00:00,43.25
2026-02-07 06:00:00+00:00,43.6
2026-02-07 06:30:00+00:00,43.4
2026-02-07 07:00:00+00:00,43.3
2026-02-07 07:30:00+00:00,43.666666666666664
2026-02-07 08:00:00+00:00,43.58
2026-02-07 08:30:00+00:00,43.575
2026-02-07 09:00:00+00:00,44.01666666666667
2026-02-07 09:30:00+00:00,44.05714285714286
2026-02-07 10:00:00+00:00,44.150000000000006
2026-02-07 10:30:00+00:00,44.36666666666667
2026-02-07 11:00:00+00:00,44.699999999999996
2026-02-07 11:30:00+00:00,44.5
2026-02-07 12:00:00+00:00,44.82
2026-02-07 12:30:00+00:00,45.083333333333336
2026-02-07 13:00:00+00:00,44.8
2026-02-07 13:30:00+00:00,45.1125
2026-02-07 14:00:00+00:00,45.81111111111111
2026-02-07 14:30:00+00:00,45.6
2026-02-07 15:00:00+00:00,45.833333333333336
2026-02-07 15:30:00+00:00,46.625
2026-02-07 16:00:00+00:00,46.3
2026-02-07 16:30:00+00:00,46.36666666666667
2026-02-07 17:00:00+00:00,47.1625
2026-02-07 17:30:00+00:00,47.0
2026-02-07 18:00:00+00:00,46.88333333333333
2026-02-07 18:30:00+00:00,47.61666666666667
2026-02-07 19:00:00+00:00,47.25
2026-02-07 19:30:00+00:00,47.4
2026-02-07 20:00:00+00:00,47.85
2026-02-07 20:30:00+00:00,47.959999999999994
2026-02-07 21:00:00+00:00,48.25
2026-02-07 21:30:00+00:00,48.54
2026-02-07 22:00:00+00:00,48.760000000000005
2026-02-07 22:30:00+00:00,48.550000000000004
2026-02-07 23:00:00+00:00,48.7875
2026-02-07 23:30:00+00:00,48.95
2026-02-08 00:00:00+00:00,48.7
2026-02-08 00:30:00+00:00,49.07142857142857
2026-02-08 01:00:00+00:00,49.0
2026-02-08 01:30:00+00:00,48.55
2026-02-08 02:00:00+00:00,48.64
2026-02-08 02:30:00+00:00,48.68888888888889
2026-02-08 03:00:00+00:00,48.199999999999996
2026-02-08 03:30:00+00:00,48.375
2026-02-08 04:00:00+00:00,48.15
2026-02-08 04:30:00+00:00,47.71666666666667
2026-02-08 05:00:00+00:00,47.86666666666667
2026-02-08 05:30:00+00:00,47.875
2026-02-08 06:00:00+00:00,47.519999999999996
2026-02-08 06:30:00+00:00,47.58
2026-02-08 07:00:00+00:00,47.85
2026-02-08 07:30:00+00:00,47.54
2026-02-08 08:00:00+00:00,47.73333333333333
2026-02-08 08:30:00+00:00,47.93333333333333
2026-02-08 09:00:00+00:00,47.6
2026-02-08 09:30:00+00:00,47.85
2026-02-08 10:00:00+00:00,47.9
2026-02-08 10:30:00+00:00,47.72
2026-02-08 11:00:00+00:00,48.0125
2026-02-08 11:30:00+00:00,48.36
2026-02-08 12:00:00+00:00,48.150000000000006
2026-02-08 12:30:00+00:00,48.285714285714285
2026-02-08 13:00:00+00:00,48.44
2026-02-08 13:30:00+00:00,48.150000000000006
2026-02-08 14:00:00+00:00,48.08
2026-02-08 14:30:00+00:00,48.3
2026-02-08 15:00:00+00:00,47.93333333333334
2026-02-08 15:30:00+00:00,48.1125
2026-02-08 16:00:00+00:00,48.457142857142856
2026-02-08 16:30:00+00:00,48.25
2026-02-08 17:00:00+00:00,48.41428571428571
2026-02-08 17:30:00+00:00,48.76666666666667
2026-02-08 18:00:00+00:00,48.25
2026-02-08 18:30:00+00:00,48.44444444444444
2026-02-08 19:00:00+00:00,48.771428571428565
2026-02-08 19:30:00+00:00,48.54
2026-02-08 20:00:00+00:00,48.739999999999995
2026-02-08 20:30:00+00:00,49.050000000000004
2026-02-08 21:00:00+00:00,48.55
2026-02-08 21:30:00+00:00,48.699999999999996
2026-02-08 22:00:00+00:00,48.7
2026-02-08 22:30:00+00:00,48.1
2026-02-08 23:00:00+00:00,48.25
2026-02-08 23:30:00+00:00,48.271428571428565
2026-02-09 00:00:00+00:00,47.75
2026-02-09 00:30:00+00:00,47.922222222222224
2026-02-09 01:00:00+00:00,47.9
2026-02-09 01:30:00+00:00,47.475
2026-02-09 02:00:00+00:00,47.519999999999996
2026-02-09 02:30:00+00:00,47.3875
2026-02-09 03:00:00+00:00,47.0
2026-02-09 03:30:00+00:00,47.11
2026-02-09 04:00:00+00:00,47.027272727272724
2026-02-09 04:30:00+00:00,46.849999999999994
2026-02-09 05:00:00+00:00,47.075
2026-02-09 05:30:00+00:00,47.3
2026-02-09 06:00:00+00:00,46.849999999999994
2026-02-09 06:30:00+00:00,47.13636363636363
2026-02-09 07:00:00+00:00,47.26666666666667
2026-02-09 07:30:00+00:00,47.28333333333334
2026-02-09 08:00:00+00:00,47.3
2026-02-09 08:30:00+00:00,47.44444444444444
2026-02-09 09:00:00+00:00,47.199999999999996
2026-02-09 09:30:00+00:00,47.416666666666664
2026-02-09 10:00:00+00:00,47.75
2026-02-09 10:30:00+00:00,47.36
2026-02-09 11:00:00+00:00,47.53333333333333
2026-02-09 11:30:00+00:00,47.67142857142857
2026-02-09 12:00:00+00:00,47.260000000000005
2026-02-09 12:30:00+00:00,47.5
2026-02-09 13:00:00+00:00,47.599999999999994
2026-02-09 13:30:00+00:00,47.114285714285714
2026-02-09 14:00:00+00:00,47.142857142857146
2026-02-09 14:30:00+00:00,47.2
2026-02-09 15:00:00+00:00,46.949999999999996
2026-02-09 15:30:00+00:00,47.114285714285714
2026-02-09 16:00:00+00:00,47.09090909090909
2026-02-09 16:30:00+00:00,46.77777777777778
2026-02-09 17:00:00+00:00,46.922222222222224
2026-02-09 17:30:00+00:00,47.050000000000004
2026-02-09 18:00:00+00:00,46.650000000000006
2026-02-09 18:30:00+00:00,46.800000000000004
2026-02-09 19:00:00+00:00,47.1
2026-02-09 19:30:00+00:00,46.885714285714286
2026-02-09 20:00:00+00:00,47.14
2026-02-09 20:30:00+00:00,47.1
2026-02-09 21:00:00+00:00,46.75
2026-02-09 21:30:00+00:00,46.800000000000004
2026-02-09 22:00:00+00:00,46.699999999999996
2026-02-09 22:30:00+00:00,46.125
2026-02-09 23:00:00+00:00,45.98571428571428
2026-02-09 23:30:00+00:00,45.92
2026-02-10 00:00:00+00:00,45.75
2026-02-10 00:30:00+00:00,45.800000000000004
2026-02-10 01:00:00+00:00,45.63333333333333
2026-02-10 01:30:00+00:00,45.325
2026-02-10 02:00:00+00:00,45.25
2026-02-10 02:30:00+00:00,45.075
2026-02-10 03:00:00+00:00,44.650000000000006
2026-02-10 03:30:00+00:00,44.73333333333333
2026-02-10 04:00:00+00:00,44.699999999999996
2026-02-10 04:30:00+00:00,44.7
2026-02-10 05:00:00+00:00,44.949999999999996
2026-02-10 05:30:00+00:00,44.91428571428571
2026-02-10 06:00:00+00:00,44.8
2026-02-10 06:30:00+00:00,45.325
2026-02-10 07:00:00+00:00,45.25
2026-02-10 07:30:00+00:00,45.25
2026-02-10 08:00:00+00:00,45.55
2026-02-10 08:30:00+00:00,45.5
2026-02-10 09:00:00+00:00,45.339999999999996
2026-02-10 09:30:00+00:00,45.76666666666667
2026-02-10 10:00:00+00:00,45.63333333333333
2026-02-10 10:30:00+00:00,45.48571428571428
2026-02-10 11:00:00+00:00,45.675
2026-02-10 11:30:00+00:00,45.7125
2026-02-10 12:00:00+00:00,45.575
2026-02-10 12:30:00+00:00,46.0
2026-02-10 13:00:00+00:00,45.7
2026-02-10 13:30:00+00:00,45.46666666666667
2026-02-10 14:00:00+00:00,45.833333333333336
2026-02-10 14:30:00+00:00,45.7625
2026-02-10 15:00:00+00:00,45.43333333333334
2026-02-10 15:30:00+00:00,45.9
2026-02-10 16:00:00+00:00,45.75
2026-02-10 16:30:00+00:00,45.775
2026-02-10 17:00:00+00:00,45.8
2026-02-10 17:30:00+00:00,46.1
2026-02-10 18:00:00+00:00,45.849999999999994
2026-02-10 18:30:00+00:00,46.05
2026-02-10 19:00:00+00:00,45.9
2026-02-10 19:30:00+00:00,45.987500000000004
2026-02-10 20:00:00+00:00,46.075
2026-02-10 20:30:00+00:00,45.98333333333333
2026-02-10 21:00:00+00:00,45.849999999999994
2026-02-10 21:30:00+00:00,46.25
2026-02-10 22:00:00+00:00,46.06
2026-02-10 22:30:00+00:00,45.849999999999994
2026-02-10 23:00:00+00:00,46.150000000000006
2026-02-10 23:30:00+00:00,46.0
2026-02-11 00:00:00+00:00,45.93333333333334
2026-02-11 00:30:00+00:00,46.125
2026-02-11 01:00:00+00:00,46.0
2026-02-11 01:30:00+00:00,45.94
2026-02-11 02:00:00+00:00,46.06
2026-02-11 02:30:00+00:00,46.04
2026-02-11 03:00:00+00:00,45.957499999999996
2026-02-11 03:30:00+00:00,45.875
2026-02-11 04:00:00+00:00,46.1
2026-02-11 04:30:00+00:00,45.875
2026-02-11 05:00:00+00:00,46.15
2026-02-11 05:30:00+00:00,46.06666666666666
2026-02-11 06:00:00+00:00,45.922222222222224
2026-02-11 06:30:00+00:00,46.05714285714286
2026-02-11 07:00:00+00:00,46.1
2026-02-11 07:30:00+00:00,45.94
2026-02-11 08:00:00+00:00,46.10833333333333
2026-02-11 08:30:00+00:00,46.260000000000005
2026-02-11 09:00:00+00:00,46.01666666666667
2026-02-11 09:30:00+00:00,46.333333333333336
2026-02-11 10:00:00+00:00,46.43333333333334
2026-02-11 10:30:00+00:00,46.4
2026-02-11 11:00:00+00:00,46.75714285714286
2026-02-11 11:30:00+00:00,46.94
2026-02-11 12:00:00+00:00,46.75
2026-02-11 12:30:00+00:00,47.05
2026-02-11 13:00:00+00:00,47.150000000000006
2026-02-11 13:30:00+00:00,47.0
2026-02-11 14:00:00+00:00,47.21666666666667
2026-02-11 14:30:00+00:00,47.25
2026-02-11 15:00:00+00:00,46.79999999999999
2026-02-11 15:30:00+00:00,47.1
2026-02-11 16:00:00+00:00,47.3375
2026-02-11 16:30:00+00:00,46.75
2026-02-11 17:00:00+00:00,46.833333333333336
2026-02-11 17:30:00+00:00,46.800000000000004
2026-02-11 18:00:00+00:00,46.5
2026-02-11 18:30:00+00:00,46.875
2026-02-11 19:00:00+00:00,46.95
2026-02-11 19:30:00+00:00,46.63333333333333
2026-02-11 20:00:00+00:00,46.71666666666667
2026-02-11 20:30:00+00:00,46.75
2026-02-11 21:00:00+00:00,46.45
2026-02-11 21:30:00+00:00,46.65
2026-02-11 22:00:00+00:00,46.65
2026-02-11 22:30:00+00:00,46.4
2026-02-11 23:00:00+00:00,46.57142857142857
2026-02-11 23:30:00+00:00,46.6
2026-02-12 00:00:00+00:00,46.3
2026-02-12 00:30:00+00:00,46.42
2026-02-12 01:00:00+00:00,46.25
2026-02-12 01:30:00+00:00,45.9
2026-02-12 02:00:00+00:00,45.75
2026-02-12 02:30:00+00:00,45.55
2026-02-12 03:00:00+00:00,45.3
2026-02-12 03:30:00+00:00,45.15
2026-02-12 04:00:00+00:00,45.150000000000006
2026-02-12 04:30:00+00:00,44.93333333333334
2026-02-12 05:00:00+00:00,44.76666666666667
2026-02-12 05:30:00+00:00,44.75
2026-02-12 06:00:00+00:00,44.5
2026-02-12 06:30:00+00:00,44.18
2026-02-12 07:00:00+00:00,44.083333333333336
2026-02-12 07:30:00+00:00,43.7
2026-02-12 08:00:00+00:00,43.42
2026-02-12 08:30:00+00:00,43.15
2026-02-12 09:00:00+00:00,42.875
2026-02-12 09:30:00+00:00,42.6
2026-02-12 10:00:00+00:00,42.55
2026-02-12 10:30:00+00:00,42.333333333333336
2026-02-12 11:00:00+00:00,42.18333333333334
2026-02-12 11:30:00+00:00,42.12857142857143
2026-02-12 12:00:00+00:00,41.839999999999996
2026-02-12 12:30:00+00:00,41.666666666666664
2026-02-12 13:00:00+00:00,41.75
2026-02-12 13:30:00+00:00,41.480000000000004
2026-02-12 14:00:00+00:00,41.3
2026-02-12 14:30:00+00:00,41.22
2026-02-12 15:00:00+00:00,41.016666666666666
2026-02-12 15:30:00+00:00,40.93333333333333
2026-02-12 16:00:00+00:00,41.0
2026-02-12 16:30:00+00:00,40.855555555555554
2026-02-12 17:00:00+00:00,40.95
2026-02-12 17:30:00+00:00,40.96666666666667
2026-02-12 18:00:00+00:00,40.839999999999996
2026-02-12 18:30:00+00:00,40.833333333333336
2026-02-12 19:00:00+00:00,40.86666666666667
2026-02-12 19:30:00+00:00,40.8
2026-02-12 20:00:00+00:00,40.583333333333336
2026-02-12 20:30:00+00:00,40.55
2026-02-12 21:00:00+00:00,40.3
2026-02-12 21:30:00+00:00,40.13333333333333
2026-02-12 22:00:00+00:00,40.083333333333336
2026-02-12 22:30:00+00:00,39.849999999999994
2026-02-12 23:00:00+00:00,39.666666666666664
2026-02-12 23:30:00+00:00,39.660000000000004
2026-02-13 00:00:00+00:00,39.58
2026-02-13 00:30:00+00:00,39.489999999999995
2026-02-13 01:00:00+00:00,39.4
2026-02-13 01:30:00+00:00,39.25
2026-02-13 02:00:00+00:00,39.163636363636364
2026-02-13 02:30:00+00:00,39.150000000000006
2026-02-13 03:00:00+00:00,39.0
2026-02-13 03:30:00+00:00,38.849999999999994
2026-02-13 04:00:00+00:00,38.849999999999994
2026-02-13 04:30:00+00:00,38.660000000000004
2026-02-13 05:00:00+00:00,38.6375
2026-02-13 05:30:00+00:00,38.75
2026-02-13 06:00:00+00:00,38.7
2026-02-13 06:30:00+00:00,38.766666666666666
2026-02-13 07:00:00+00:00,38.75
2026-02-13 07:30:00+00:00,38.800000000000004
2026-02-13 08:00:00+00:00,38.6
2026-02-13 08:30:00+00:00,38.56666666666667
2026-02-13 09:00:00+00:00,38.45
2026-02-13 09:30:00+00:00,38.260000000000005
2026-02-13 10:00:00+00:00,38.3
2026-02-13 10:30:00+00:00,38.150000000000006
2026-02-13 11:00:00+00:00,38.06666666666667
2026-02-13 11:30:00+00:00,38.075
2026-02-13 12:00:00+00:00,38.2
2026-02-13 12:30:00+00:00,38.13333333333333
2026-02-13 13:00:00+00:00,38.08333333333333
2026-02-13 13:30:00+00:00,38.03333333333333
2026-02-13 14:00:00+00:00,37.849999999999994
2026-02-13 14:30:00+00:00,37.839999999999996
2026-02-13 15:00:00+00:00,37.8
2026-02-13 15:30:00+00:00,37.74444444444444
2026-02-13 16:00:00+00:00,37.5
2026-02-13 16:30:00+00:00,37.43333333333333
2026-02-13 17:00:00+00:00,37.3
2026-02-13 17:30:00+00:00,37.1
2026-02-13 18:00:00+00:00,37.025000000000006
2026-02-13 18:30:00+00:00,36.95
2026-02-13 19:00:00+00:00,36.75
2026-02-13 19:30:00+00:00,36.65
2026-02-13 20:00:00+00:00,36.32857142857143
2026-02-13 20:30:00+00:00,36.075
2026-02-13 21:00:00+00:00,35.96
2026-02-13 21:30:00+00:00,35.955555555555556
2026-02-13 22:00:00+00:00,35.9
2026-02-13 22:30:00+00:00,35.8
2026-02-13 23:00:00+00:00,35.833333333333336
2026-02-13 23:30:00+00:00,35.650000000000006
2026-02-14 00:00:00+00:00,35.650000000000006
2026-02-14 00:30:00+00:00,35.5
2026-02-14 01:00:00+00:00,35.266666666666666
2026-02-14 01:30:00+00:00,35.05
2026-02-14 02:00:00+00:00,35.016666666666666
2026-02-14 02:30:00+00:00,34.86
2026-02-14 03:00:00+00:00,34.6
2026-02-14 03:30:00+00:00,34.46
2026-02-14 04:00:00+00:00,34.349999999999994
2026-02-14 04:30:00+00:00,34.1
2026-02-14 05:00:00+00:00,34.016666666666666
2026-02-14 05:30:00+00:00,34.0
2026-02-14 06:00:00+00:00,33.68333333333334
2026-02-14 06:30:00+00:00,33.550000000000004
2026-02-14 07:00:00+00:00,33.349999999999994
2026-02-14 07:30:00+00:00,33.25
2026-02-14 08:00:00+00:00,33.166666666666664
2026-02-14 08:30:00+00:00,33.150000000000006
2026-02-14 09:00:00+00:00,33.025
2026-02-14 09:30:00+00:00,32.9
2026-02-14 10:00:00+00:00,32.93333333333333
2026-02-14 10:30:00+00:00,32.81428571428571
2026-02-14 11:00:00+00:00,32.7
2026-02-14 11:30:00+00:00,32.72
2026-02-14 12:00:00+00:00,32.620000000000005
2026-02-14 12:30:00+00:00,32.349999999999994
2026-02-14 13:00:00+00:00,31.875
2026-02-14 13:30:00+00:00,31.900000000000002
2026-02-14 14:00:00+00:00,31.8
2026-02-14 14:30:00+00:00,31.5
2026-02-14 15:00:00+00:00,31.65
2026-02-14 15:30:00+00:00,31.633333333333336
2026-02-14 16:00:00+00:00,31.75
2026-02-14 16:30:00+00:00,31.957142857142856
2026-02-14 17:00:00+00:00,32.0
2026-02-14 17:30:00+00:00,32.36666666666667
2026-02-14 18:00:00+00:00,32.6
2026-02-14 18:30:00+00:00,32.6
2026-02-14 19:00:00+00:00,32.699999999999996
2026-02-14 19:30:00+00:00,32.8
2026-02-14 20:00:00+00:00,32.86666666666667
2026-02-14 20:30:00+00:00,32.86666666666667
2026-02-14 21:00:00+00:00,32.93333333333333
2026-02-14 21:30:00+00:00,32.849999999999994
2026-02-14 22:00:00+00:00,32.9
2026-02-14 22:30:00+00:00,32.9
2026-02-14 23:00:00+00:00,32.650000000000006
2026-02-14 23:30:00+00:00,32.583333333333336
2026-02-15 00:00:00+00:00,32.339999999999996
2026-02-15 00:30:00+00:00,32.150000000000006
2026-02-15 01:00:00+00:00,32.11666666666667
2026-02-15 01:30:00+00:00,32.5
2026-02-15 02:00:00+00:00,32.36
2026-02-15 02:30:00+00:00,32.46
2026-02-15 03:00:00+00:00,32.94
2026-02-15 03:30:00+00:00,32.96
2026-02-15 04:00:00+00:00,33.05714285714286
2026-02-15 04:30:00+00:00,33.44615384615385
2026-02-15 05:00:00+00:00,33.349999999999994
2026-02-15 05:30:00+00:00,33.349999999999994
2026-02-15 06:00:00+00:00,33.833333333333336
2026-02-15 06:30:00+00:00,33.75
2026-02-15 07:00:00+00:00,33.766666666666666
2026-02-15 07:30:00+00:00,34.12222222222223
2026-02-15 08:00:00+00:00,34.25
2026-02-15 08:30:00+00:00,34.1
2026-02-15 09:00:00+00:00,34.675
2026-02-15 09:30:00+00:00,34.8
2026-02-15 10:00:00+00:00,34.650000000000006
2026-02-15 10:30:00+00:00,35.21666666666667
2026-02-15 11:00:00+00:00,35.410000000000004
2026-02-15 11:30:00+00:00,35.21666666666667
2026-02-15 12:00:00+00:00,35.644444444444446
2026-02-15 12:30:00+00:00,36.15
2026-02-15 13:00:00+00:00,36.93333333333333
2026-02-15 13:30:00+00:00,37.95454545454545
2026-02-15 14:00:00+00:00,39.208333333333336
2026-02-15 14:30:00+00:00,39.96
2026-02-15 15:00:00+00:00,39.56666666666667
2026-02-15 15:30:00+00:00,39.82
2026-02-15 16:00:00+00:00,40.0
2026-02-15 16:30:00+00:00,40.1
2026-02-15 17:00:00+00:00,40.32
2026-02-15 17:30:00+00:00,40.333333333333336
2026-02-15 18:00:00+00:00,40.25
2026-02-15 18:30:00+00:00,40.3
2026-02-15 19:00:00+00:00,40.349999999999994
2026-02-15 19:30:00+00:00,40.4
2026-02-15 20:00:00+00:00,40.45
2026-02-15 20:30:00+00:00,40.425000000000004
2026-02-15 21:00:00+00:00,40.4
2026-02-15 21:30:00+00:00,40.349999999999994
2026-02-15 22:00:00+00:00,41.21136363636363
2026-02-15 22:30:00+00:00,42.07272727272727
2026-02-15 23:00:00+00:00,43.599999999999994
2026-02-15 23:30:00+00:00,44.675
2026-02-16 00:00:00+00:00,44.135714285714286
2026-02-16 00:30:00+00:00,42.35
2026-02-16 01:00:00+00:00,41.45
2026-02-16 01:30:00+00:00,40.96
2026-02-16 02:00:00+00:00,40.650000000000006
2026-02-16 02:30:00+00:00,40.666666666666664
2026-02-16 03:00:00+00:00,40.75
2026-02-16 03:30:00+00:00,40.650000000000006
2026-02-16 04:00:00+00:00,40.7
2026-02-16 04:30:00+00:00,40.8
2026-02-16 05:00:00+00:00,40.650000000000006
2026-02-16 05:30:00+00:00,42.476000000000006
2026-02-16 06:00:00+00:00,46.24
2026-02-16 06:30:00+00:00,47.2
2026-02-16 07:00:00+00:00,47.0
2026-02-16 07:30:00+00:00,46.73333333333333
2026-02-16 08:00:00+00:00,47.41818181818182
2026-02-16 08:30:00+00:00,49.7625
2026-02-16 09:00:00+00:00,48.9375
2026-02-16 09:30:00+00:00,48.05
2026-02-16 10:00:00+00:00,47.6
2026-02-16 10:30:00+00:00,47.166666666666664
2026-02-16 11:00:00+00:00,46.627272727272725
2026-02-16 11:30:00+00:00,46.94
2026-02-16 12:00:00+00:00,46.760000000000005
2026-02-16 12:30:00+00:00,46.5
2026-02-16 13:00:00+00:00,48.5
2026-02-16 13:30:00+00:00,48.9375
2026-02-16 14:00:00+00:00,47.875
2026-02-16 14:30:00+00:00,46.9
2026-02-16 15:00:00+00:00,46.45
2026-02-16 15:30:00+00:00,46.150000000000006
2026-02-16 16:00:00+00:00,45.525
2026-02-16 16:30:00+00:00,45.34444444444444
2026-02-16 17:00:00+00:00,45.06
2026-02-16 17:30:00+00:00,44.550000000000004
2026-02-16 18:00:00+00:00,44.225
2026-02-16 18:30:00+00:00,43.95
2026-02-16 19:00:00+00:00,43.85
2026-02-16 19:30:00+00:00,43.96666666666667
2026-02-16 20:00:00+00:00,44.775
2026-02-16 20:30:00+00:00,47.080000000000005
2026-02-16 21:00:00+00:00,47.54
2026-02-16 21:30:00+00:00,47.26666666666667
2026-02-16 22:00:00+00:00,47.05
2026-02-16 22:30:00+00:00,46.825
2026-02-16 23:00:00+00:00,46.528571428571425
2026-02-16 23:30:00+00:00,46.15
2026-02-17 00:00:00+00:00,45.82
2026-02-17 00:30:00+00:00,45.35
2026-02-17 01:00:00+00:00,44.825
2026-02-17 01:30:00+00:00,44.300000000000004
2026-02-17 02:00:00+00:00,43.800000000000004
2026-02-17 02:30:00+00:00,43.271428571428565
2026-02-17 03:00:00+00:00,42.6
2026-02-17 03:30:00+00:00,41.85
2026-02-17 04:00:00+00:00,40.845454545454544
2026-02-17 04:30:00+00:00,39.7875
2026-02-17 05:00:00+00:00,38.8
2026-02-17 05:30:00+00:00,38.166666666666664
2026-02-17 06:00:00+00:00,37.56
2026-02-17 06:30:00+00:00,39.53684210526316
2026-02-17 07:00:00+00:00,42.38823529411765
2026-02-17 07:30:00+00:00,40.72
2026-02-17 08:00:00+00:00,39.25714285714286
2026-02-17 08:30:00+00:00,38.34444444444445
2026-02-17 09:00:00+00:00,38.58888888888889
2026-02-17 09:30:00+00:00,39.114285714285714
2026-02-17 10:00:00+00:00,40.55
2026-02-17 10:30:00+00:00,39.135714285714286
2026-02-17 11:00:00+00:00,41.55789473684211
2026-02-17 11:30:00+00:00,43.18571428571429
2026-02-17 12:00:00+00:00,43.96666666666667
2026-02-17 12:30:00+00:00,43.45
2026-02-17 13:00:00+00:00,42.800000000000004
2026-02-17 13:30:00+00:00,42.2
2026-02-17 14:00:00+00:00,41.449999999999996
2026-02-17 14:30:00+00:00,41.05
2026-02-17 15:00:00+00:00,40.525
2026-02-17 15:30:00+00:00,40.58571428571429
2026-02-17 16:00:00+00:00,40.4
2026-02-17 16:30:00+00:00,40.0
2026-02-17 17:00:00+00:00,39.8375
2026-02-17 17:30:00+00:00,42.771428571428565
2026-02-17 18:00:00+00:00,42.35
2026-02-17 18:30:00+00:00,41.050000000000004
2026-02-17 19:00:00+00:00,40.2
2026-02-17 19:30:00+00:00,39.65
2026-02-17 20:00:00+00:00,39.050000000000004
2026-02-17 20:30:00+00:00,38.611111111111114
2026-02-17 21:00:00+00:00,37.78888888888889
2026-02-17 21:30:00+00:00,37.07142857142857
2026-02-17 22:00:00+00:00,36.800000000000004
2026-02-17 22:30:00+00:00,36.9
2026-02-17 23:00:00+00:00,37.199999999999996
2026-02-17 23:30:00+00:00,37.2
2026-02-18 00:00:00+00:00,37.0
2026-02-18 00:30:00+00:00,36.766666666666666
2026-02-18 01:00:00+00:00,36.620000000000005
2026-02-18 01:30:00+00:00,36.349999999999994
2026-02-18 02:00:00+00:00,36.150000000000006
2026-02-18 02:30:00+00:00,36.05
2026-02-18 03:00:00+00:00,35.9
2026-02-18 03:30:00+00:00,35.824999999999996
2026-02-18 04:00:00+00:00,35.86
2026-02-18 04:30:00+00:00,36.0
2026-02-18 05:00:00+00:00,36.05833333333334
2026-02-18 05:30:00+00:00,36.11666666666667
2026-02-18 06:00:00+00:00,36.325
2026-02-18 06:30:00+00:00,38.44666666666667
2026-02-18 07:00:00+00:00,41.90909090909091
2026-02-18 07:30:00+00:00,42.25
2026-02-18 08:00:00+00:00,41.64
2026-02-18 08:30:00+00:00,41.03
2026-02-18 09:00:00+00:00,40.81666666666667
2026-02-18 09:30:00+00:00,40.7
2026-02-18 10:00:00+00:00,42.25714285714286
2026-02-18 10:30:00+00:00,42.37777777777777
2026-02-18 11:00:00+00:00,44.16470588235294
2026-02-18 11:30:00+00:00,49.81428571428571
2026-02-18 12:00:00+00:00,51.4
2026-02-18 12:30:00+00:00,50.6
2026-02-18 13:00:00+00:00,50.853846153846156
2026-02-18 13:30:00+00:00,51.2
2026-02-18 14:00:00+00:00,50.625
2026-02-18 14:30:00+00:00,49.775
2026-02-18 15:00:00+00:00,48.6
2026-02-18 15:30:00+00:00,47.660000000000004
2026-02-18 16:00:00+00:00,46.75
2026-02-18 16:30:00+00:00,46.08
2026-02-18 17:00:00+00:00,45.9
2026-02-18 17:30:00+00:00,46.5625
2026-02-18 18:00:00+00:00,46.98333333333333
2026-02-18 18:30:00+00:00,47.099999999999994
2026-02-18 19:00:00+00:00,46.13636363636363
2026-02-18 19:30:00+00:00,44.083333333333336
2026-02-18 20:00:00+00:00,43.56666666666666
2026-02-18 20:30:00+00:00,43.25555555555556
2026-02-18 21:00:00+00:00,43.25
2026-02-18 21:30:00+00:00,42.663636363636364
2026-02-18 22:00:00+00:00,41.583333333333336
2026-02-18 22:30:00+00:00,41.06666666666667
2026-02-18 23:00:00+00:00,40.6
2026-02-18 23:30:00+00:00,40.18
2026-02-19 00:00:00+00:00,40.03333333333333
2026-02-19 00:30:00+00:00,39.9375
2026-02-19 01:00:00+00:00,39.72
2026-02-19 01:30:00+00:00,39.56666666666667
2026-02-19 02:00:00+00:00,39.50833333333333
2026-02-19 02:30:00+00:00,39.449999999999996
2026-02-19 03:00:00+00:00,39.5
2026-02-19 03:30:00+00:00,39.7
2026-02-19 04:00:00+00:00,39.75384615384615
2026-02-19 04:30:00+00:00,39.9
2026-02-19 05:00:00+00:00,39.95
2026-02-19 05:30:00+00:00,39.8
2026-02-19 06:00:00+00:00,39.7
2026-02-19 06:30:00+00:00,42.5
2026-02-19 07:00:00+00:00,43.65
2026-02-19 07:30:00+00:00,42.925
2026-02-19 08:00:00+00:00,42.650000000000006
2026-02-19 08:30:00+00:00,43.8
2026-02-19 09:00:00+00:00,45.03333333333333
2026-02-19 09:30:00+00:00,45.0
2026-02-19 10:00:00+00:00,44.5
2026-02-19 10:30:00+00:00,46.38461538461539
2026-02-19 11:00:00+00:00,45.69
2026-02-19 11:30:00+00:00,45.06111111111111
2026-02-19 12:00:00+00:00,45.43333333333333
2026-02-19 12:30:00+00:00,45.980000000000004
2026-02-19 13:00:00+00:00,45.775
2026-02-19 13:30:00+00:00,44.849999999999994
2026-02-19 14:00:00+00:00,44.4
2026-02-19 14:30:00+00:00,44.45
2026-02-19 15:00:00+00:00,44.15
2026-02-19 15:30:00+00:00,43.75
2026-02-19 16:00:00+00:00,44.48571428571428
2026-02-19 16:30:00+00:00,44.58571428571429
2026-02-19 17:00:00+00:00,44.01666666666667
2026-02-19 17:30:00+00:00,44.7125
2026-02-19 18:00:00+00:00,46.7
2026-02-19 18:30:00+00:00,46.6625
2026-02-19 19:00:00+00:00,45.7
2026-02-19 19:30:00+00:00,44.97777777777778
2026-02-19 20:00:00+00:00,44.838888888888896
2026-02-19 20:30:00+00:00,44.7
2026-02-19 21:00:00+00:00,44.56
2026-02-19 21:30:00+00:00,44.7875
2026-02-19 22:00:00+00:00,44.15
2026-02-19 22:30:00+00:00,43.300000000000004
2026-02-19 23:00:00+00:00,42.38
2026-02-19 23:30:00+00:00,41.85
2026-02-20 00:00:00+00:00,41.5
2026-02-20 00:30:00+00:00,41.199999999999996
2026-02-20 01:00:00+00:00,41.150000000000006
2026-02-20 01:30:00+00:00,41.160000000000004
2026-02-20 02:00:00+00:00,41.150000000000006
2026-02-20 02:30:00+00:00,41.260000000000005
2026-02-20 03:00:00+00:00,41.4
2026-02-20 03:30:00+00:00,41.4
2026-02-20 04:00:00+00:00,41.4
2026-02-20 04:30:00+00:00,41.5
2026-02-20 05:00:00+00:00,41.45
2026-02-20 05:30:00+00:00,41.357142857142854
2026-02-20 06:00:00+00:00,41.2
2026-02-20 06:30:00+00:00,41.08571428571429
2026-02-20 07:00:00+00:00,40.8
2026-02-20 07:30:00+00:00,40.650000000000006
2026-02-20 08:00:00+00:00,40.699999999999996
2026-02-20 08:30:00+00:00,43.478571428571435
2026-02-20 09:00:00+00:00,45.68181818181818
2026-02-20 09:30:00+00:00,45.95
2026-02-20 10:00:00+00:00,45.949999999999996
2026-02-20 10:30:00+00:00,46.62222222222223
2026-02-20 11:00:00+00:00,47.57
2026-02-20 11:30:00+00:00,48.300000000000004
2026-02-20 12:00:00+00:00,47.85
2026-02-20 12:30:00+00:00,49.6
2026-02-20 13:00:00+00:00,53.14166666666667
2026-02-20 13:30:00+00:00,52.199999999999996
2026-02-20 14:00:00+00:00,50.925
2026-02-20 14:30:00+00:00,50.63333333333333
2026-02-20 15:00:00+00:00,50.7
2026-02-20 15:30:00+00:00,50.333333333333336
2026-02-20 16:00:00+00:00,50.1
2026-02-20 16:30:00+00:00,49.650000000000006
2026-02-20 17:00:00+00:00,48.58
2026-02-20 17:30:00+00:00,47.96666666666667
2026-02-20 18:00:00+00:00,47.4
2026-02-20 18:30:00+00:00,47.15
2026-02-20 19:00:00+00:00,46.6
2026-02-20 19:30:00+00:00,46.25
2026-02-20 20:00:00+00:00,45.88
2026-02-20 20:30:00+00:00,45.25
2026-02-20 21:00:00+00:00,44.480000000000004
2026-02-20 21:30:00+00:00,44.96666666666667
2026-02-20 22:00:00+00:00,44.96923076923077
2026-02-20 22:30:00+00:00,44.25
2026-02-20 23:00:00+00:00,44.26666666666667
2026-02-20 23:30:00+00:00,44.61666666666667
2026-02-21 00:00:00+00:00,45.1
2026-02-21 00:30:00+00:00,45.36
2026-02-21 01:00:00+00:00,45.550000000000004
2026-02-21 01:30:00+00:00,45.7
2026-02-21 02:00:00+00:00,45.75
2026-02-21 02:30:00+00:00,45.5
2026-02-21 03:00:00+00:00,45.45
2026-02-21 03:30:00+00:00,45.51666666666667
2026-02-21 04:00:00+00:00,45.56666666666666
2026-02-21 04:30:00+00:00,45.653333333333336
2026-02-21 05:00:00+00:00,45.849999999999994
2026-02-21 05:30:00+00:00,45.857142857142854
2026-02-21 06:00:00+00:00,45.75
2026-02-21 06:30:00+00:00,45.69722222222222
2026-02-21 07:00:00+00:00,45.644444444444446
2026-02-21 07:30:00+00:00,45.725
2026-02-21 08:00:00+00:00,46.0
2026-02-21 08:30:00+00:00,47.385000000000005
2026-02-21 09:00:00+00:00,51.91304347826087
2026-02-21 09:30:00+00:00,50.8
2026-02-21 10:00:00+00:00,50.550000000000004
2026-02-21 10:30:00+00:00,50.4
2026-02-21 11:00:00+00:00,51.35
2026-02-21 11:30:00+00:00,55.77142857142857
2026-02-21 12:00:00+00:00,59.25789473684211
2026-02-21 12:30:00+00:00,59.86
2026-02-21 13:00:00+00:00,58.800000000000004
2026-02-21 13:30:00+00:00,57.900000000000006
2026-02-21 14:00:00+00:00,57.15
2026-02-21 14:30:00+00:00,56.65
2026-02-21 15:00:00+00:00,56.43333333333334
2026-02-21 15:30:00+00:00,56.55
2026-02-21 16:00:00+00:00,57.0
2026-02-21 16:30:00+00:00,56.95
2026-02-21 17:00:00+00:00,56.958333333333336
2026-02-21 17:30:00+00:00,56.96666666666667
2026-02-21 18:00:00+00:00,56.949999999999996
2026-02-21 18:30:00+00:00,56.166666666666664
2026-02-21 19:00:00+00:00,55.05
2026-02-21 19:30:00+00:00,54.44
2026-02-21 20:00:00+00:00,54.1
2026-02-21 20:30:00+00:00,53.849999999999994
2026-02-21 21:00:00+00:00,53.96666666666667
2026-02-21 21:30:00+00:00,53.93333333333334
2026-02-21 22:00:00+00:00,54.0
2026-02-21 22:30:00+00:00,53.849999999999994
2026-02-21 23:00:00+00:00,53.95
2026-02-21 23:30:00+00:00,53.955000000000005
2026-02-22 00:00:00+00:00,53.96
2026-02-22 00:30:00+00:00,54.05
2026-02-22 01:00:00+00:00,54.05714285714286
2026-02-22 01:30:00+00:00,54.075714285714284
2026-02-22 02:00:00+00:00,54.09428571428572
2026-02-22 02:30:00+00:00,54.112857142857145
2026-02-22 03:00:00+00:00,54.13142857142858
2026-02-22 03:30:00+00:00,54.150000000000006
2026-02-22 04:00:00+00:00,54.11428571428572
2026-02-22 04:30:00+00:00,54.07857142857143
2026-02-22 05:00:00+00:00,54.042857142857144
2026-02-22 05:30:00+00:00,53.94
2026-02-22 06:00:00+00:00,53.67142857142857
2026-02-22 06:30:00+00:00,53.1
2026-02-22 07:00:00+00:00,52.6
2026-02-22 07:30:00+00:00,52.18333333333334
2026-02-22 08:00:00+00:00,51.74285714285714
2026-02-22 08:30:00+00:00,51.61666666666667
2026-02-22 09:00:00+00:00,52.74444444444444
2026-02-22 09:30:00+00:00,54.357894736842105
2026-02-22 10:00:00+00:00,55.95263157894736
2026-02-22 10:30:00+00:00,54.88666666666666
2026-02-22 11:00:00+00:00,54.80769230769231
2026-02-22 11:30:00+00:00,53.9
2026-02-22 12:00:00+00:00,53.24375
2026-02-22 12:30:00+00:00,52.728571428571435
2026-02-22 13:00:00+00:00,52.84375
2026-02-22 13:30:00+00:00,52.27333333333333
2026-02-22 14:00:00+00:00,51.15
2026-02-22 14:30:00+00:00,50.2875
2026-02-22 15:00:00+00:00,49.25555555555556
2026-02-22 15:30:00+00:00,48.010000000000005
2026-02-22 16:00:00+00:00,47.28333333333333
2026-02-22 16:30:00+00:00,46.8
2026-02-22 17:00:00+00:00,46.74285714285714
2026-02-22 17:30:00+00:00,46.666666666666664
2026-02-22 18:00:00+00:00,46.7125
2026-02-22 18:30:00+00:00,46.766666666666666
2026-02-22 19:00:00+00:00,47.35
2026-02-22 19:30:00+00:00,47.875
2026-02-22 20:00:00+00:00,48.5
2026-02-22 20:30:00+00:00,49.050000000000004
2026-02-22 21:00:00+00:00,49.25
2026-02-22 21:30:00+00:00,49.13333333333333
2026-02-22 22:00:00+00:00,48.95
2026-02-22 22:30:00+00:00,49.300000000000004
2026-02-22 23:00:00+00:00,51.55384615384616
2026-02-22 23:30:00+00:00,52.15
2026-02-23 00:00:00+00:00,51.666666666666664
2026-02-23 00:30:00+00:00,51.31666666666666
2026-02-23 01:00:00+00:00,51.23333333333333
2026-02-23 01:30:00+00:00,51.3
2026-02-23 02:00:00+00:00,51.220000000000006
2026-02-23 02:30:00+00:00,51.0
2026-02-23 03:00:00+00:00,50.849999999999994
2026-02-23 03:30:00+00:00,50.833333333333336
2026-02-23 04:00:00+00:00,50.58
2026-02-23 04:30:00+00:00,50.25
2026-02-23 05:00:00+00:00,50.1
2026-02-23 05:30:00+00:00,49.925
2026-02-23 06:00:00+00:00,49.614285714285714
2026-02-23 06:30:00+00:00,48.78333333333333
2026-02-23 07:00:00+00:00,48.06666666666666
2026-02-23 07:30:00+00:00,47.6
2026-02-23 08:00:00+00:00,47.150000000000006
2026-02-23 08:30:00+00:00,47.22
2026-02-23 09:00:00+00:00,47.5
2026-02-23 09:30:00+00:00,48.0
2026-02-23 10:00:00+00:00,48.6
2026-02-23 10:30:00+00:00,47.839999999999996
2026-02-23 11:00:00+00:00,50.480000000000004
2026-02-23 11:30:00+00:00,54.175
2026-02-23 12:00:00+00:00,53.575
2026-02-23 12:30:00+00:00,52.88333333333333
2026-02-23 13:00:00+00:00,52.239999999999995
2026-02-23 13:30:00+00:00,51.75555555555556
2026-02-23 14:00:00+00:00,50.21333333333333
2026-02-23 14:30:00+00:00,48.56666666666667
2026-02-23 15:00:00+00:00,47.46363636363637
2026-02-23 15:30:00+00:00,46.833333333333336
2026-02-23 16:00:00+00:00,47.021428571428565
2026-02-23 16:30:00+00:00,47.83
2026-02-23 17:00:00+00:00,47.642857142857146
2026-02-23 17:30:00+00:00,47.74545454545455
2026-02-23 18:00:00+00:00,50.00588235294118
2026-02-23 18:30:00+00:00,52.27368421052632
2026-02-23 19:00:00+00:00,53.4125
2026-02-23 19:30:00+00:00,53.300000000000004
2026-02-23 20:00:00+00:00,53.0
2026-02-23 20:30:00+00:00,52.957142857142856
2026-02-23 21:00:00+00:00,52.95
2026-02-23 21:30:00+00:00,52.78333333333333
2026-02-23 22:00:00+00:00,52.628571428571426
2026-02-23 22:30:00+00:00,52.550000000000004
2026-02-23 23:00:00+00:00,52.5
2026-02-23 23:30:00+00:00,52.324999999999996
2026-02-24 00:00:00+00:00,52.166666666666664
2026-02-24 00:30:00+00:00,52.23333333333333
2026-02-24 01:00:00+00:00,52.150000000000006
2026-02-24 01:30:00+00:00,52.15714285714286
2026-02-24 02:00:00+00:00,52.15714285714286
2026-02-24 02:30:00+00:00,52.2375
2026-02-24 03:00:00+00:00,52.3
2026-02-24 03:30:00+00:00,52.349999999999994
2026-02-24 04:00:00+00:00,52.349999999999994
2026-02-24 04:30:00+00:00,52.3
2026-02-24 05:00:00+00:00,52.2
2026-02-24 05:30:00+00:00,52.26666666666667
2026-02-24 06:00:00+00:00,52.25
2026-02-24 06:30:00+00:00,52.150000000000006
2026-02-24 07:00:00+00:00,51.88333333333333
2026-02-24 07:30:00+00:00,51.46666666666667
2026-02-24 08:00:00+00:00,51.357142857142854
2026-02-24 08:30:00+00:00,52.65
2026-02-24 09:00:00+00:00,52.48333333333333
2026-02-24 09:30:00+00:00,52.2
2026-02-24 10:00:00+00:00,51.35
2026-02-24 10:30:00+00:00,50.475
2026-02-24 11:00:00+00:00,49.97777777777778
2026-02-24 11:30:00+00:00,50.699999999999996
2026-02-24 12:00:00+00:00,50.82857142857142
2026-02-24 12:30:00+00:00,50.75
2026-02-24 13:00:00+00:00,50.3
2026-02-24 13:30:00+00:00,49.8
2026-02-24 14:00:00+00:00,49.800000000000004
2026-02-24 14:30:00+00:00,49.849999999999994
2026-02-24 15:00:00+00:00,49.9
2026-02-24 15:30:00+00:00,50.13333333333333
2026-02-24 16:00:00+00:00,50.2
2026-02-24 16:30:00+00:00,50.379999999999995
2026-02-24 17:00:00+00:00,51.486666666666665
2026-02-24 17:30:00+00:00,52.44736842105263
2026-02-24 18:00:00+00:00,49.900000000000006
2026-02-24 18:30:00+00:00,50.457142857142856
2026-02-24 19:00:00+00:00,51.32222222222222
2026-02-24 19:30:00+00:00,51.25
2026-02-24 20:00:00+00:00,50.72727272727273
2026-02-24 20:30:00+00:00,50.455555555555556
2026-02-24 21:00:00+00:00,50.71666666666667
2026-02-24 21:30:00+00:00,50.660000000000004
2026-02-24 22:00:00+00:00,50.11666666666667
2026-02-24 22:30:00+00:00,49.625
2026-02-24 23:00:00+00:00,49.34107142857143
2026-02-24 23:30:00+00:00,49.05714285714286
2026-02-25 00:00:00+00:00,49.0
2026-02-25 00:30:00+00:00,48.833333333333336
2026-02-25 01:00:00+00:00,48.68333333333334
2026-02-25 01:30:00+00:00,48.4
2026-02-25 02:00:00+00:00,48.3
2026-02-25 02:30:00+00:00,48.150000000000006
2026-02-25 03:00:00+00:00,48.03333333333333
2026-02-25 03:30:00+00:00,47.95
2026-02-25 04:00:00+00:00,47.849999999999994
2026-02-25 04:30:00+00:00,47.93333333333334
2026-02-25 05:00:00+00:00,47.800000000000004
2026-02-25 05:30:00+00:00,47.6
2026-02-25 06:00:00+00:00,47.36
2026-02-25 06:30:00+00:00,47.0
2026-02-25 07:00:00+00:00,49.30769230769231
2026-02-25 07:30:00+00:00,51.5
2026-02-25 08:00:00+00:00,51.7
2026-02-25 08:30:00+00:00,51.73333333333333
2026-02-25 09:00:00+00:00,52.74285714285714
2026-02-25 09:30:00+00:00,54.27272727272727
2026-02-25 10:00:00+00:00,51.838095238095235
2026-02-25 10:30:00+00:00,49.55
2026-02-25 11:00:00+00:00,49.69
2026-02-25 11:30:00+00:00,50.76923076923077
2026-02-25 12:00:00+00:00,53.28333333333333
2026-02-25 12:30:00+00:00,58.0
2026-02-25 13:00:00+00:00,59.099999999999994
2026-02-25 13:30:00+00:00,58.56666666666666
2026-02-25 14:00:00+00:00,58.36363636363637
2026-02-25 14:30:00+00:00,58.400000000000006
2026-02-25 15:00:00+00:00,58.699999999999996
2026-02-25 15:30:00+00:00,60.49333333333333
2026-02-25 16:00:00+00:00,61.99090909090909
2026-02-25 16:30:00+00:00,61.65384615384615
2026-02-25 17:00:00+00:00,60.52
2026-02-25 17:30:00+00:00,59.550000000000004
2026-02-25 18:00:00+00:00,56.745000000000005
2026-02-25 18:30:00+00:00,55.150000000000006
2026-02-25 19:00:00+00:00,54.733333333333334
2026-02-25 19:30:00+00:00,54.6125
2026-02-25 20:00:00+00:00,54.45
2026-02-25 20:30:00+00:00,54.699999999999996
2026-02-25 21:00:00+00:00,54.6
2026-02-25 21:30:00+00:00,54.800000000000004
2026-02-25 22:00:00+00:00,54.82857142857143
2026-02-25 22:30:00+00:00,54.77272727272727
2026-02-25 23:00:00+00:00,54.771428571428565
2026-02-25 23:30:00+00:00,54.55
2026-02-26 00:00:00+00:00,54.25714285714286
2026-02-26 00:30:00+00:00,53.785714285714285
2026-02-26 01:00:00+00:00,53.44444444444444
2026-02-26 01:30:00+00:00,52.81428571428571
2026-02-26 02:00:00+00:00,52.25
2026-02-26 02:30:00+00:00,52.01666666666667
2026-02-26 03:00:00+00:00,51.779999999999994
2026-02-26 03:30:00+00:00,51.48571428571428
2026-02-26 04:00:00+00:00,51.05
2026-02-26 04:30:00+00:00,50.65
2026-02-26 05:00:00+00:00,50.3
2026-02-26 05:30:00+00:00,49.916666666666664
2026-02-26 06:00:00+00:00,49.57272727272727
2026-02-26 06:30:00+00:00,50.900000000000006
2026-02-26 07:00:00+00:00,52.625
2026-02-26 07:30:00+00:00,52.4
2026-02-26 08:00:00+00:00,51.583333333333336
2026-02-26 08:30:00+00:00,52.31333333333334
2026-02-26 09:00:00+00:00,53.4
2026-02-26 09:30:00+00:00,53.67999999999999
2026-02-26 10:00:00+00:00,53.46666666666667
2026-02-26 10:30:00+00:00,54.05833333333334
2026-02-26 11:00:00+00:00,58.03333333333334
2026-02-26 11:30:00+00:00,60.4470588235294
2026-02-26 12:00:00+00:00,58.29473684210526
2026-02-26 12:30:00+00:00,56.660000000000004
2026-02-26 13:00:00+00:00,56.794444444444444
2026-02-26 13:30:00+00:00,59.46521739130435
2026-02-26 14:00:00+00:00,58.15
2026-02-26 14:30:00+00:00,57.1
2026-02-26 15:00:00+00:00,56.4
2026-02-26 15:30:00+00:00,56.025
2026-02-26 16:00:00+00:00,55.85
2026-02-26 16:30:00+00:00,55.1
2026-02-26 17:00:00+00:00,54.48571428571428
2026-02-26 17:30:00+00:00,54.707142857142856
2026-02-26 18:00:00+00:00,54.14545454545455
2026-02-26 18:30:00+00:00,54.01818181818182
2026-02-26 19:00:00+00:00,54.333333333333336
2026-02-26 19:30:00+00:00,52.8
2026-02-26 20:00:00+00:00,53.01666666666667
2026-02-26 20:30:00+00:00,52.84545454545455
2026-02-26 21:00:00+00:00,52.870000000000005
2026-02-26 21:30:00+00:00,52.53333333333333
2026-02-26 22:00:00+00:00,52.38333333333333
2026-02-26 22:30:00+00:00,52.625
2026-02-26 23:00:00+00:00,52.6375
2026-02-26 23:30:00+00:00,52.45
2026-02-27 00:00:00+00:00,52.15
2026-02-27 00:30:00+00:00,51.8
2026-02-27 01:00:00+00:00,51.449999999999996
2026-02-27 01:30:00+00:00,50.75
2026-02-27 02:00:00+00:00,50.144444444444446
2026-02-27 02:30:00+00:00,49.6
2026-02-27 03:00:00+00:00,49.2
2026-02-27 03:30:00+00:00,49.125
2026-02-27 04:00:00+00:00,49.33571428571429
2026-02-27 04:30:00+00:00,49.275
2026-02-27 05:00:00+00:00,49.1
2026-02-27 05:30:00+00:00,48.48333333333333
2026-02-27 06:00:00+00:00,48.190000000000005
2026-02-27 06:30:00+00:00,48.15
2026-02-27 07:00:00+00:00,47.839999999999996
2026-02-27 07:30:00+00:00,47.73333333333333
2026-02-27 08:00:00+00:00,48.79375
2026-02-27 08:30:00+00:00,51.74
2026-02-27 09:00:00+00:00,53.422222222222224
2026-02-27 09:30:00+00:00,54.61875
2026-02-27 10:00:00+00:00,54.708333333333336
2026-02-27 10:30:00+00:00,53.370000000000005
2026-02-27 11:00:00+00:00,52.43888888888889
2026-02-27 11:30:00+00:00,51.7625
2026-02-27 12:00:00+00:00,51.5
2026-02-27 12:30:00+00:00,52.39333333333333
2026-02-27 13:00:00+00:00,52.81818181818182
2026-02-27 13:30:00+00:00,52.957142857142856
2026-02-27 14:00:00+00:00,52.94444444444444
2026-02-27 14:30:00+00:00,52.839999999999996
2026-02-27 15:00:00+00:00,52.76666666666667
2026-02-27 15:30:00+00:00,52.5
2026-02-27 16:00:00+00:00,52.57142857142857
2026-02-27 16:30:00+00:00,52.53333333333333
2026-02-27 17:00:00+00:00,51.642857142857146
2026-02-27 17:30:00+00:00,49.8625
2026-02-27 18:00:00+00:00,49.62307692307692
2026-02-27 18:30:00+00:00,50.6
2026-02-27 19:00:00+00:00,50.766666666666666
2026-02-27 19:30:00+00:00,50.96666666666667
2026-02-27 20:00:00+00:00,49.98181818181818
2026-02-27 20:30:00+00:00,49.17142857142857
2026-02-27 21:00:00+00:00,48.57142857142857
2026-02-27 21:30:00+00:00,48.13076923076923
2026-02-27 22:00:00+00:00,47.65
2026-02-27 22:30:00+00:00,47.199999999999996
2026-02-27 23:00:00+00:00,47.13636363636363
2026-02-27 23:30:00+00:00,46.75
2026-02-28 00:00:00+00:00,46.776923076923076
2026-02-28 00:30:00+00:00,46.51666666666667
2026-02-28 01:00:00+00:00,46.36666666666667
2026-02-28 01:30:00+00:00,46.349999999999994
2026-02-28 02:00:00+00:00,46.45
2026-02-28 02:30:00+00:00,46.333333333333336
2026-02-28 03:00:00+00:00,46.2
2026-02-28 03:30:00+00:00,46.1
2026-02-28 04:00:00+00:00,46.05
2026-02-28 04:30:00+00:00,46.23333333333333
2026-02-28 05:00:00+00:00,46.18
2026-02-28 05:30:00+00:00,46.150000000000006
2026-02-28 06:00:00+00:00,46.03333333333333
2026-02-28 06:30:00+00:00,45.849999999999994
2026-02-28 07:00:00+00:00,45.650000000000006
2026-02-28 07:30:00+00:00,45.45
2026-02-28 08:00:00+00:00,45.32222222222222
2026-02-28 08:30:00+00:00,45.0
2026-02-28 09:00:00+00:00,44.849999999999994
2026-02-28 09:30:00+00:00,44.739999999999995
2026-02-28 10:00:00+00:00,44.6
2026-02-28 10:30:00+00:00,46.01875
2026-02-28 11:00:00+00:00,48.705555555555556
2026-02-28 11:30:00+00:00,48.714285714285715
2026-02-28 12:00:00+00:00,47.11666666666667
2026-02-28 12:30:00+00:00,46.44
2026-02-28 13:00:00+00:00,45.68888888888889
2026-02-28 13:30:00+00:00,45.04
2026-02-28 14:00:00+00:00,44.68
2026-02-28 14:30:00+00:00,45.309090909090905
2026-02-28 15:00:00+00:00,45.5
2026-02-28 15:30:00+00:00,45.0
2026-02-28 16:00:00+00:00,43.73333333333333
2026-02-28 16:30:00+00:00,42.9
2026-02-28 17:00:00+00:00,41.82142857142857
2026-02-28 17:30:00+00:00,42.099999999999994
2026-02-28 18:00:00+00:00,43.82
2026-02-28 18:30:00+00:00,46.184615384615384
2026-02-28 19:00:00+00:00,44.707142857142856
2026-02-28 19:30:00+00:00,44.99285714285714
2026-02-28 20:00:00+00:00,45.964285714285715
2026-02-28 20:30:00+00:00,44.949999999999996
2026-02-28 21:00:00+00:00,44.35
2026-02-28 21:30:00+00:00,44.03846153846154
2026-02-28 22:00:00+00:00,43.21666666666667
2026-02-28 22:30:00+00:00,42.825
2026-02-28 23:00:00+00:00,41.81428571428571
2026-02-28 23:30:00+00:00,41.4
2026-03-01 00:00:00+00:00,41.3
2026-03-01 00:30:00+00:00,41.46
2026-03-01 01:00:00+00:00,41.550000000000004
2026-03-01 01:30:00+00:00,41.67142857142857
2026-03-01 02:00:00+00:00,41.92727272727273
2026-03-01 02:30:00+00:00,42.0
2026-03-01 03:00:00+00:00,42.15
2026-03-01 03:30:00+00:00,42.45
2026-03-01 04:00:00+00:00,42.6
2026-03-01 04:30:00+00:00,42.9
2026-03-01 05:00:00+00:00,43.018181818181816
2026-03-01 05:30:00+00:00,43.160000000000004
2026-03-01 06:00:00+00:00,43.349999999999994
2026-03-01 06:30:00+00:00,43.544444444444444
2026-03-01 07:00:00+00:00,43.92
2026-03-01 07:30:00+00:00,44.25
2026-03-01 08:00:00+00:00,44.620000000000005
2026-03-01 08:30:00+00:00,44.68
2026-03-01 09:00:00+00:00,45.0
2026-03-01 09:30:00+00:00,45.150000000000006
2026-03-01 10:00:00+00:00,45.26666666666667
2026-03-01 10:30:00+00:00,45.575
2026-03-01 11:00:00+00:00,46.89333333333333
2026-03-01 11:30:00+00:00,50.24444444444444
2026-03-01 12:00:00+00:00,52.0375
2026-03-01 12:30:00+00:00,52.82142857142857
2026-03-01 13:00:00+00:00,52.638461538461534
2026-03-01 13:30:00+00:00,53.33
2026-03-01 14:00:00+00:00,53.17777777777778
2026-03-01 14:30:00+00:00,53.029999999999994
2026-03-01 15:00:00+00:00,52.15
2026-03-01 15:30:00+00:00,51.51764705882353
2026-03-01 16:00:00+00:00,51.13076923076923
2026-03-01 16:30:00+00:00,50.81
2026-03-01 17:00:00+00:00,50.65555555555555
2026-03-01 17:30:00+00:00,50.83636363636364
2026-03-01 18:00:00+00:00,50.78333333333333
2026-03-01 18:30:00+00:00,48.92857142857143
2026-03-01 19:00:00+00:00,50.20666666666667
2026-03-01 19:30:00+00:00,51.486666666666665
2026-03-01 20:00:00+00:00,51.48333333333333
2026-03-01 20:30:00+00:00,51.19411764705882
2026-03-01 21:00:00+00:00,51.642857142857146
2026-03-01 21:30:00+00:00,51.57692307692308
2026-03-01 22:00:00+00:00,51.75
2026-03-01 22:30:00+00:00,51.01666666666667
2026-03-01 23:00:00+00:00,50.075
2026-03-01 23:30:00+00:00,49.55
2026-03-02 00:00:00+00:00,49.0
2026-03-02 00:30:00+00:00,48.4
2026-03-02 01:00:00+00:00,48.25
2026-03-02 01:30:00+00:00,48.357142857142854
2026-03-02 02:00:00+00:00,48.324999999999996
2026-03-02 02:30:00+00:00,48.333333333333336
2026-03-02 03:00:00+00:00,48.12857142857143
2026-03-02 03:30:00+00:00,47.800000000000004
2026-03-02 04:00:00+00:00,47.4
2026-03-02 04:30:00+00:00,47.01428571428572
2026-03-02 05:00:00+00:00,46.6
2026-03-02 05:30:00+00:00,46.44
2026-03-02 06:00:00+00:00,46.333333333333336
2026-03-02 06:30:00+00:00,47.65333333333333
2026-03-02 07:00:00+00:00,49.400000000000006
2026-03-02 07:30:00+00:00,49.800000000000004
2026-03-02 08:00:00+00:00,49.6
2026-03-02 08:30:00+00:00,49.47777777777778
2026-03-02 09:00:00+00:00,50.1764705882353
2026-03-02 09:30:00+00:00,50.75
2026-03-02 10:00:00+00:00,50.8
2026-03-02 10:30:00+00:00,50.739999999999995
2026-03-02 11:00:00+00:00,50.63333333333333
2026-03-02 11:30:00+00:00,51.621428571428574
2026-03-02 12:00:00+00:00,54.09285714285714
2026-03-02 12:30:00+00:00,54.95
2026-03-02 13:00:00+00:00,54.6
2026-03-02 13:30:00+00:00,54.050000000000004
2026-03-02 14:00:00+00:00,53.825
2026-03-02 14:30:00+00:00,53.800000000000004
2026-03-02 15:00:00+00:00,53.475
2026-03-02 15:30:00+00:00,53.25
2026-03-02 16:00:00+00:00,52.8
2026-03-02 16:30:00+00:00,52.27
2026-03-02 17:00:00+00:00,51.96666666666667
2026-03-02 17:30:00+00:00,51.8
2026-03-02 18:00:00+00:00,51.6
2026-03-02 18:30:00+00:00,51.33
2026-03-02 19:00:00+00:00,52.95652173913044
2026-03-02 19:30:00+00:00,55.825
2026-03-02 20:00:00+00:00,55.278571428571425
2026-03-02 20:30:00+00:00,53.725
2026-03-02 21:00:00+00:00,52.411764705882355
2026-03-02 21:30:00+00:00,51.32666666666667
2026-03-02 22:00:00+00:00,49.63529411764706
2026-03-02 22:30:00+00:00,48.5
2026-03-02 23:00:00+00:00,47.699999999999996
2026-03-02 23:30:00+00:00,47.25
2026-03-03 00:00:00+00:00,46.71666666666667
2026-03-03 00:30:00+00:00,46.47
2026-03-03 01:00:00+00:00,46.349999999999994
2026-03-03 01:30:00+00:00,46.285714285714285
2026-03-03 02:00:00+00:00,46.23333333333333
2026-03-03 02:30:00+00:00,46.214285714285715
2026-03-03 03:00:00+00:00,46.142857142857146
2026-03-03 03:30:00+00:00,46.239999999999995
2026-03-03 04:00:00+00:00,46.2
2026-03-03 04:30:00+00:00,46.199999999999996
2026-03-03 05:00:00+00:00,45.65
2026-03-03 05:30:00+00:00,44.9
2026-03-03 06:00:00+00:00,44.166666666666664
2026-03-03 06:30:00+00:00,43.68888888888889
2026-03-03 07:00:00+00:00,43.885714285714286
2026-03-03 07:30:00+00:00,43.72
2026-03-03 08:00:00+00:00,45.305263157894736
2026-03-03 08:30:00+00:00,47.044444444444444
2026-03-03 09:00:00+00:00,46.971428571428575
2026-03-03 09:30:00+00:00,46.184615384615384
2026-03-03 10:00:00+00:00,44.85833333333333
2026-03-03 10:30:00+00:00,43.9
2026-03-03 11:00:00+00:00,43.2
2026-03-03 11:30:00+00:00,43.028571428571425
2026-03-03 12:00:00+00:00,42.71111111111111
2026-03-03 12:30:00+00:00,41.800000000000004
2026-03-03 13:00:00+00:00,40.85
2026-03-03 13:30:00+00:00,40.044444444444444
2026-03-03 14:00:00+00:00,39.4
2026-03-03 14:30:00+00:00,39.526666666666664
2026-03-03 15:00:00+00:00,40.85
2026-03-03 15:30:00+00:00,41.28
2026-03-03 16:00:00+00:00,41.228571428571435
2026-03-03 16:30:00+00:00,40.91
2026-03-03 17:00:00+00:00,40.766666666666666
2026-03-03 17:30:00+00:00,42.89166666666667
2026-03-03 18:00:00+00:00,44.75
2026-03-03 18:30:00+00:00,45.17777777777778
2026-03-03 19:00:00+00:00,45.028571428571425
2026-03-03 19:30:00+00:00,44.98333333333333
2026-03-03 20:00:00+00:00,44.642857142857146
2026-03-03 20:30:00+00:00,44.26923076923077
2026-03-03 21:00:00+00:00,43.85
2026-03-03 21:30:00+00:00,44.05
2026-03-03 22:00:00+00:00,44.6
2026-03-03 22:30:00+00:00,44.81111111111111
2026-03-03 23:00:00+00:00,44.95
2026-03-03 23:30:00+00:00,45.05
2026-03-04 00:00:00+00:00,45.17777777777778
2026-03-04 00:30:00+00:00,45.379999999999995
2026-03-04 01:00:00+00:00,45.55
2026-03-04 01:30:00+00:00,45.583333333333336
2026-03-04 02:00:00+00:00,45.849999999999994
2026-03-04 02:30:00+00:00,45.849999999999994
2026-03-04 03:00:00+00:00,45.9
2026-03-04 03:30:00+00:00,45.95
2026-03-04 04:00:00+00:00,45.95
2026-03-04 04:30:00+00:00,46.0
2026-03-04 05:00:00+00:00,46.114285714285714
2026-03-04 05:30:00+00:00,46.160000000000004
2026-03-04 06:00:00+00:00,46.13333333333333
2026-03-04 06:30:00+00:00,46.1
2026-03-04 07:00:00+00:00,46.25555555555556
2026-03-04 07:30:00+00:00,46.349999999999994
2026-03-04 08:00:00+00:00,47.21
2026-03-04 08:30:00+00:00,49.093333333333334
2026-03-04 09:00:00+00:00,51.34375
2026-03-04 09:30:00+00:00,49.88235294117647
2026-03-04 10:00:00+00:00,48.59444444444445
2026-03-04 10:30:00+00:00,48.188235294117646
2026-03-04 11:00:00+00:00,49.18571428571429
2026-03-04 11:30:00+00:00,49.21818181818182
2026-03-04 12:00:00+00:00,49.79
2026-03-04 12:30:00+00:00,49.67
2026-03-04 13:00:00+00:00,49.275
2026-03-04 13:30:00+00:00,48.6
2026-03-04 14:00:00+00:00,47.55
2026-03-04 14:30:00+00:00,46.91111111111111
2026-03-04 15:00:00+00:00,46.87777777777777
2026-03-04 15:30:00+00:00,46.62222222222223
2026-03-04 16:00:00+00:00,47.785000000000004
2026-03-04 16:30:00+00:00,49.6
2026-03-04 17:00:00+00:00,49.46923076923077
2026-03-04 17:30:00+00:00,48.833333333333336
2026-03-04 18:00:00+00:00,48.94285714285714
2026-03-04 18:30:00+00:00,48.56363636363637
2026-03-04 19:00:00+00:00,47.833333333333336
2026-03-04 19:30:00+00:00,48.90588235294118
2026-03-04 20:00:00+00:00,49.699999999999996
2026-03-04 20:30:00+00:00,49.575
2026-03-04 21:00:00+00:00,49.18333333333334
2026-03-04 21:30:00+00:00,48.550000000000004
2026-03-04 22:00:00+00:00,48.93
2026-03-04 22:30:00+00:00,49.25
2026-03-04 23:00:00+00:00,49.46
2026-03-04 23:30:00+00:00,49.699999999999996
2026-03-05 00:00:00+00:00,49.75
2026-03-05 00:30:00+00:00,49.833333333333336
2026-03-05 01:00:00+00:00,49.75
2026-03-05 01:30:00+00:00,49.62222222222223
2026-03-05 02:00:00+00:00,49.6
2026-03-05 02:30:00+00:00,49.54
2026-03-05 03:00:00+00:00,49.528571428571425
2026-03-05 03:30:00+00:00,49.42
2026-03-05 04:00:00+00:00,49.349999999999994
2026-03-05 04:30:00+00:00,49.349999999999994
2026-03-05 05:00:00+00:00,49.28333333333333
2026-03-05 05:30:00+00:00,49.26666666666667
2026-03-05 06:00:00+00:00,49.18571428571429
2026-03-05 06:30:00+00:00,50.26190476190476
2026-03-05 07:00:00+00:00,53.519047619047626
2026-03-05 07:30:00+00:00,52.2
2026-03-05 08:00:00+00:00,51.0
2026-03-05 08:30:00+00:00,50.48571428571428
2026-03-05 09:00:00+00:00,50.75
2026-03-05 09:30:00+00:00,50.51666666666667
2026-03-05 10:00:00+00:00,50.550000000000004
2026-03-05 10:30:00+00:00,53.08947368421053
2026-03-05 11:00:00+00:00,54.99375
2026-03-05 11:30:00+00:00,53.550000000000004
2026-03-05 12:00:00+00:00,52.81
2026-03-05 12:30:00+00:00,52.989999999999995
2026-03-05 13:00:00+00:00,52.75
2026-03-05 13:30:00+00:00,52.16923076923077
2026-03-05 14:00:00+00:00,50.949999999999996
2026-03-05 14:30:00+00:00,50.0
2026-03-05 15:00:00+00:00,48.95
2026-03-05 15:30:00+00:00,49.05
2026-03-05 16:00:00+00:00,49.05555555555556
2026-03-05 16:30:00+00:00,49.1
2026-03-05 17:00:00+00:00,49.03333333333333
2026-03-05 17:30:00+00:00,49.01666666666667
2026-03-05 18:00:00+00:00,48.6
2026-03-05 18:30:00+00:00,48.7
2026-03-05 19:00:00+00:00,48.525
2026-03-05 19:30:00+00:00,48.86666666666667
2026-03-05 20:00:00+00:00,49.166666666666664
2026-03-05 20:30:00+00:00,49.04
2026-03-05 21:00:00+00:00,49.03333333333333
2026-03-05 21:30:00+00:00,49.160000000000004
2026-03-05 22:00:00+00:00,49.077777777777776
2026-03-05 22:30:00+00:00,48.96666666666667
2026-03-05 23:00:00+00:00,48.93333333333334
2026-03-05 23:30:00+00:00,48.9
2026-03-06 00:00:00+00:00,49.228571428571435
2026-03-06 00:30:00+00:00,49.5875
2026-03-06 01:00:00+00:00,49.51428571428572
2026-03-06 01:30:00+00:00,49.32857142857143
2026-03-06 02:00:00+00:00,48.7375
2026-03-06 02:30:00+00:00,47.85
2026-03-06 03:00:00+00:00,47.111111111111114
2026-03-06 03:30:00+00:00,46.425
2026-03-06 04:00:00+00:00,45.8
2026-03-06 04:30:00+00:00,45.525
2026-03-06 05:00:00+00:00,45.025
2026-03-06 05:30:00+00:00,44.949999999999996
2026-03-06 06:00:00+00:00,44.86
2026-03-06 06:30:00+00:00,47.015
2026-03-06 07:00:00+00:00,50.8875
2026-03-06 07:30:00+00:00,50.55714285714286
2026-03-06 08:00:00+00:00,49.55714285714286
2026-03-06 08:30:00+00:00,48.699999999999996
2026-03-06 09:00:00+00:00,49.35454545454545
2026-03-06 09:30:00+00:00,49.78888888888889
2026-03-06 10:00:00+00:00,50.0
2026-03-06 10:30:00+00:00,49.48571428571428
2026-03-06 11:00:00+00:00,48.9
2026-03-06 11:30:00+00:00,48.4
2026-03-06 12:00:00+00:00,48.042857142857144
2026-03-06 12:30:00+00:00,50.45882352941176
2026-03-06 13:00:00+00:00,53.37692307692308
2026-03-06 13:30:00+00:00,52.050000000000004
2026-03-06 14:00:00+00:00,50.93846153846154
2026-03-06 14:30:00+00:00,50.291666666666664
2026-03-06 15:00:00+00:00,49.68
2026-03-06 15:30:00+00:00,49.300000000000004
2026-03-06 16:00:00+00:00,48.9
2026-03-06 16:30:00+00:00,48.650000000000006
2026-03-06 17:00:00+00:00,48.15
2026-03-06 17:30:00+00:00,47.35
2026-03-06 18:00:00+00:00,46.733333333333334
2026-03-06 18:30:00+00:00,46.028571428571425
2026-03-06 19:00:00+00:00,46.29
2026-03-06 19:30:00+00:00,47.43076923076923
2026-03-06 20:00:00+00:00,48.06363636363637
2026-03-06 20:30:00+00:00,47.042857142857144
2026-03-06 21:00:00+00:00,46.47777777777778
2026-03-06 21:30:00+00:00,46.18333333333334
2026-03-06 22:00:00+00:00,45.9
2026-03-06 22:30:00+00:00,45.58
2026-03-06 23:00:00+00:00,46.2235294117647
2026-03-06 23:30:00+00:00,46.19
2026-03-07 00:00:00+00:00,45.8
2026-03-07 00:30:00+00:00,45.0375
2026-03-07 01:00:00+00:00,44.45
2026-03-07 01:30:00+00:00,44.6375
2026-03-07 02:00:00+00:00,45.339999999999996
2026-03-07 02:30:00+00:00,45.42
2026-03-07 03:00:00+00:00,45.150000000000006
2026-03-07 03:30:00+00:00,45.05714285714286
2026-03-07 04:00:00+00:00,44.95
2026-03-07 04:30:00+00:00,44.949999999999996
2026-03-07 05:00:00+00:00,44.839999999999996
2026-03-07 05:30:00+00:00,44.68333333333334
2026-03-07 06:00:00+00:00,44.56666666666667
2026-03-07 06:30:00+00:00,44.44
2026-03-07 07:00:00+00:00,44.275
2026-03-07 07:30:00+00:00,44.275
2026-03-07 08:00:00+00:00,44.23333333333333
2026-03-07 08:30:00+00:00,44.075
2026-03-07 09:00:00+00:00,44.0
2026-03-07 09:30:00+00:00,44.025
2026-03-07 10:00:00+00:00,43.839999999999996
2026-03-07 10:30:00+00:00,44.150000000000006
2026-03-07 11:00:00+00:00,45.10909090909091
2026-03-07 11:30:00+00:00,45.38333333333333
2026-03-07 12:00:00+00:00,44.957142857142856
2026-03-07 12:30:00+00:00,44.88
2026-03-07 13:00:00+00:00,44.725
2026-03-07 13:30:00+00:00,44.666666666666664
2026-03-07 14:00:00+00:00,45.45
2026-03-07 14:30:00+00:00,46.11538461538461
2026-03-07 15:00:00+00:00,50.25333333333333
2026-03-07 15:30:00+00:00,51.42857142857143
2026-03-07 16:00:00+00:00,51.17777777777778
2026-03-07 16:30:00+00:00,52.13333333333333
2026-03-07 17:00:00+00:00,49.05652173913043
2026-03-07 17:30:00+00:00,47.57222222222222
2026-03-07 18:00:00+00:00,48.15833333333333
2026-03-07 18:30:00+00:00,47.06666666666667
2026-03-07 19:00:00+00:00,46.605555555555554
2026-03-07 19:30:00+00:00,47.44705882352941
2026-03-07 20:00:00+00:00,47.39333333333333
2026-03-07 20:30:00+00:00,48.375
2026-03-07 21:00:00+00:00,48.3
2026-03-07 21:30:00+00:00,48.44444444444444
2026-03-07 22:00:00+00:00,48.85
2026-03-07 22:30:00+00:00,49.18
2026-03-07 23:00:00+00:00,49.355555555555554
2026-03-07 23:30:00+00:00,49.13636363636363
2026-03-08 00:00:00+00:00,48.416666666666664
2026-03-08 00:30:00+00:00,48.06666666666666
2026-03-08 01:00:00+00:00,48.422222222222224
2026-03-08 01:30:00+00:00,49.0
2026-03-08 02:00:00+00:00,49.11666666666667
2026-03-08 02:30:00+00:00,49.2
2026-03-08 03:00:00+00:00,49.27777777777778
2026-03-08 03:30:00+00:00,49.55
2026-03-08 04:00:00+00:00,49.760000000000005
2026-03-08 04:30:00+00:00,49.71666666666667
2026-03-08 05:00:00+00:00,49.75
2026-03-08 05:30:00+00:00,49.849999999999994
2026-03-08 06:00:00+00:00,49.849999999999994
2026-03-08 06:30:00+00:00,49.68571428571429
2026-03-08 07:00:00+00:00,49.38333333333333
2026-03-08 07:30:00+00:00,49.150000000000006
2026-03-08 08:00:00+00:00,49.019999999999996
2026-03-08 08:30:00+00:00,48.925
2026-03-08 09:00:00+00:00,48.86666666666667
2026-03-08 09:30:00+00:00,48.849999999999994
2026-03-08 10:00:00+00:00,48.9
2026-03-08 10:30:00+00:00,50.455555555555556
2026-03-08 11:00:00+00:00,52.48461538461538
2026-03-08 11:30:00+00:00,52.7
2026-03-08 12:00:00+00:00,52.32000000000001
2026-03-08 12:30:00+00:00,51.925
2026-03-08 13:00:00+00:00,51.95
2026-03-08 13:30:00+00:00,51.88333333333333
2026-03-08 14:00:00+00:00,51.57000000000001
2026-03-08 14:30:00+00:00,52.88333333333333
2026-03-08 15:00:00+00:00,53.76153846153846
2026-03-08 15:30:00+00:00,53.01111111111111
2026-03-08 16:00:00+00:00,52.0
2026-03-08 16:30:00+00:00,51.6
2026-03-08 17:00:00+00:00,52.275
2026-03-08 17:30:00+00:00,51.85
2026-03-08 18:00:00+00:00,51.2
2026-03-08 18:30:00+00:00,51.11
2026-03-08 19:00:00+00:00,51.175000000000004
2026-03-08 19:30:00+00:00,51.05
2026-03-08 20:00:00+00:00,51.01666666666667
2026-03-08 20:30:00+00:00,50.87
2026-03-08 21:00:00+00:00,51.904999999999994
2026-03-08 21:30:00+00:00,52.75714285714286
2026-03-08 22:00:00+00:00,52.25
2026-03-08 22:30:00+00:00,51.275
2026-03-08 23:00:00+00:00,50.4375
2026-03-08 23:30:00+00:00,49.85
2026-03-09 00:00:00+00:00,49.550000000000004
2026-03-09 00:30:00+00:00,49.2
2026-03-09 01:00:00+00:00,49.1
2026-03-09 01:30:00+00:00,49.13333333333333
2026-03-09 02:00:00+00:00,49.06666666666666
2026-03-09 02:30:00+00:00,49.18333333333334
2026-03-09 03:00:00+00:00,49.150000000000006
2026-03-09 03:30:00+00:00,49.25
2026-03-09 04:00:00+00:00,49.333333333333336
2026-03-09 04:30:00+00:00,49.36
2026-03-09 05:00:00+00:00,49.36666666666667
2026-03-09 05:30:00+00:00,49.339999999999996
2026-03-09 06:00:00+00:00,49.349999999999994
2026-03-09 06:30:00+00:00,49.357142857142854
2026-03-09 07:00:00+00:00,49.25
2026-03-09 07:30:00+00:00,49.23333333333333
2026-03-09 08:00:00+00:00,51.43333333333333
2026-03-09 08:30:00+00:00,53.279999999999994
2026-03-09 09:00:00+00:00,53.271428571428565
2026-03-09 09:30:00+00:00,52.24545454545455
2026-03-09 10:00:00+00:00,52.42857142857143
2026-03-09 10:30:00+00:00,51.35
2026-03-09 11:00:00+00:00,51.27777777777778
2026-03-09 11:30:00+00:00,51.800000000000004
2026-03-09 12:00:00+00:00,51.6
2026-03-09 12:30:00+00:00,52.1
2026-03-09 13:00:00+00:00,52.166666666666664
2026-03-09 13:30:00+00:00,51.8
2026-03-09 14:00:00+00:00,51.6
2026-03-09 14:30:00+00:00,51.36666666666667
2026-03-09 15:00:00+00:00,52.3875
2026-03-09 15:30:00+00:00,52.06666666666666
2026-03-09 16:00:00+00:00,52.03333333333333
2026-03-09 16:30:00+00:00,51.8
2026-03-09 17:00:00+00:00,51.6
2026-03-09 17:30:00+00:00,50.95
2026-03-09 18:00:00+00:00,50.879999999999995
2026-03-09 18:30:00+00:00,50.642857142857146
2026-03-09 19:00:00+00:00,53.83076923076923
2026-03-09 19:30:00+00:00,53.06666666666666
2026-03-09 20:00:00+00:00,53.1
2026-03-09 20:30:00+00:00,52.93333333333334
2026-03-09 21:00:00+00:00,52.54
2026-03-09 21:30:00+00:00,51.5
2026-03-09 22:00:00+00:00,50.81428571428571
2026-03-09 22:30:00+00:00,50.125
2026-03-09 23:00:00+00:00,49.68
2026-03-09 23:30:00+00:00,49.5
2026-03-10 00:00:00+00:00,49.21666666666667
2026-03-10 00:30:00+00:00,48.9875
2026-03-10 01:00:00+00:00,48.55
2026-03-10 01:30:00+00:00,48.18333333333334
2026-03-10 02:00:00+00:00,47.76666666666667
2026-03-10 02:30:00+00:00,47.650000000000006
2026-03-10 03:00:00+00:00,47.6
2026-03-10 03:30:00+00:00,47.7
2026-03-10 04:00:00+00:00,47.9
2026-03-10 04:30:00+00:00,47.9
2026-03-10 05:00:00+00:00,47.8
2026-03-10 05:30:00+00:00,47.725
2026-03-10 06:00:00+00:00,47.36666666666667
2026-03-10 06:30:00+00:00,46.78333333333333
2026-03-10 07:00:00+00:00,46.45
2026-03-10 07:30:00+00:00,46.1
2026-03-10 08:00:00+00:00,45.6
2026-03-10 08:30:00+00:00,45.3
2026-03-10 09:00:00+00:00,46.23333333333333
2026-03-10 09:30:00+00:00,49.13333333333333
2026-03-10 10:00:00+00:00,49.21111111111111
2026-03-10 10:30:00+00:00,52.77
2026-03-10 11:00:00+00:00,54.471428571428575
2026-03-10 11:30:00+00:00,53.120000000000005
2026-03-10 12:00:00+00:00,52.7
2026-03-10 12:30:00+00:00,52.36666666666667
2026-03-10 13:00:00+00:00,52.260000000000005
2026-03-10 13:30:00+00:00,51.95
2026-03-10 14:00:00+00:00,51.9
2026-03-10 14:30:00+00:00,51.67999999999999
2026-03-10 15:00:00+00:00,51.05
2026-03-10 15:30:00+00:00,50.81666666666666
2026-03-10 16:00:00+00:00,50.63333333333333
2026-03-10 16:30:00+00:00,50.349999999999994
2026-03-10 17:00:00+00:00,50.2
2026-03-10 17:30:00+00:00,49.42
2026-03-10 18:00:00+00:00,48.833333333333336
2026-03-10 18:30:00+00:00,48.5
2026-03-10 19:00:00+00:00,47.9
2026-03-10 19:30:00+00:00,48.1375
2026-03-10 20:00:00+00:00,47.75
2026-03-10 20:30:00+00:00,47.519999999999996
2026-03-10 21:00:00+00:00,47.980000000000004
2026-03-10 21:30:00+00:00,48.62
2026-03-10 22:00:00+00:00,50.22727272727273
2026-03-10 22:30:00+00:00,51.14
2026-03-10 23:00:00+00:00,52.06666666666666
2026-03-10 23:30:00+00:00,52.875
2026-03-11 00:00:00+00:00,53.260000000000005
2026-03-11 00:30:00+00:00,53.68571428571429
2026-03-11 01:00:00+00:00,54.220000000000006
2026-03-11 01:30:00+00:00,54.25
2026-03-11 02:00:00+00:00,54.01428571428572
2026-03-11 02:30:00+00:00,53.120000000000005
2026-03-11 03:00:00+00:00,52.525
2026-03-11 03:30:00+00:00,51.63333333333333
2026-03-11 04:00:00+00:00,51.120000000000005
2026-03-11 04:30:00+00:00,51.03333333333333
2026-03-11 05:00:00+00:00,50.625
2026-03-11 05:30:00+00:00,50.475
2026-03-11 06:00:00+00:00,50.01666666666667
2026-03-11 06:30:00+00:00,50.40909090909091
2026-03-11 07:00:00+00:00,51.800000000000004
2026-03-11 07:30:00+00:00,51.150000000000006
2026-03-11 08:00:00+00:00,50.9
2026-03-11 08:30:00+00:00,50.8
2026-03-11 09:00:00+00:00,51.660000000000004
2026-03-11 09:30:00+00:00,52.375
2026-03-11 10:00:00+00:00,53.41111111111111
2026-03-11 10:30:00+00:00,52.55714285714286
2026-03-11 11:00:00+00:00,51.48
2026-03-11 11:30:00+00:00,51.714285714285715
2026-03-11 12:00:00+00:00,51.82857142857143
2026-03-11 12:30:00+00:00,51.457142857142856
2026-03-11 13:00:00+00:00,51.74444444444444
2026-03-11 13:30:00+00:00,51.510000000000005
2026-03-11 14:00:00+00:00,51.489999999999995
2026-03-11 14:30:00+00:00,51.26666666666667
2026-03-11 15:00:00+00:00,50.849999999999994
2026-03-11 15:30:00+00:00,50.175
2026-03-11 16:00:00+00:00,49.45
2026-03-11 16:30:00+00:00,49.1
2026-03-11 17:00:00+00:00,48.7
2026-03-11 17:30:00+00:00,48.0
2026-03-11 18:00:00+00:00,53.720000000000006
2026-03-11 18:30:00+00:00,52.715384615384615
2026-03-11 19:00:00+00:00,45.207142857142856
2026-03-11 19:30:00+00:00,46.86923076923077
2026-03-11 20:00:00+00:00,48.85
2026-03-11 20:30:00+00:00,49.666666666666664
2026-03-11 21:00:00+00:00,49.5
2026-03-11 21:30:00+00:00,50.61666666666667
2026-03-11 22:00:00+00:00,50.583333333333336
2026-03-11 22:30:00+00:00,50.075
2026-03-11 23:00:00+00:00,49.6
2026-03-11 23:30:00+00:00,49.325
2026-03-12 00:00:00+00:00,49.1125
2026-03-12 00:30:00+00:00,48.95
2026-03-12 01:00:00+00:00,48.7
2026-03-12 01:30:00+00:00,48.5
2026-03-12 02:00:00+00:00,48.349999999999994
2026-03-12 02:30:00+00:00,48.199999999999996
2026-03-12 03:00:00+00:00,47.825
2026-03-12 03:30:00+00:00,47.61818181818182
2026-03-12 04:00:00+00:00,47.480000000000004
2026-03-12 04:30:00+00:00,47.6
2026-03-12 05:00:00+00:00,47.300000000000004
2026-03-12 05:30:00+00:00,46.96666666666667
2026-03-12 06:00:00+00:00,46.82857142857143
2026-03-12 06:30:00+00:00,48.45454545454545
2026-03-12 07:00:00+00:00,49.88333333333333
2026-03-12 07:30:00+00:00,49.8
2026-03-12 08:00:00+00:00,49.45
2026-03-12 08:30:00+00:00,48.855555555555554
2026-03-12 09:00:00+00:00,50.327777777777776
2026-03-12 09:30:00+00:00,52.03333333333333
2026-03-12 10:00:00+00:00,52.13333333333333
2026-03-12 10:30:00+00:00,51.285714285714285
2026-03-12 11:00:00+00:00,50.53333333333333
2026-03-12 11:30:00+00:00,49.333333333333336
2026-03-12 12:00:00+00:00,48.85
2026-03-12 12:30:00+00:00,49.1875
2026-03-12 13:00:00+00:00,50.77272727272727
2026-03-12 13:30:00+00:00,51.36666666666667
2026-03-12 14:00:00+00:00,52.17272727272727
2026-03-12 14:30:00+00:00,52.08
2026-03-12 15:00:00+00:00,51.650000000000006
2026-03-12 15:30:00+00:00,51.849999999999994
2026-03-12 16:00:00+00:00,51.63636363636363
2026-03-12 16:30:00+00:00,54.63636363636363
2026-03-12 17:00:00+00:00,55.775
2026-03-12 17:30:00+00:00,55.775
2026-03-12 18:00:00+00:00,53.121428571428574
2026-03-12 18:30:00+00:00,52.357142857142854
2026-03-12 19:00:00+00:00,52.98181818181818
2026-03-12 19:30:00+00:00,52.49230769230769
2026-03-12 20:00:00+00:00,52.7
2026-03-12 20:30:00+00:00,52.32857142857143
2026-03-12 21:00:00+00:00,51.40833333333333
2026-03-12 21:30:00+00:00,50.55
2026-03-12 22:00:00+00:00,49.75
2026-03-12 22:30:00+00:00,48.5
2026-03-12 23:00:00+00:00,47.55
2026-03-12 23:30:00+00:00,47.1
2026-03-13 00:00:00+00:00,46.625
2026-03-13 00:30:00+00:00,46.24285714285714
2026-03-13 01:00:00+00:00,45.6
2026-03-13 01:30:00+00:00,44.75
2026-03-13 02:00:00+00:00,44.1
2026-03-13 02:30:00+00:00,43.666666666666664
2026-03-13 03:00:00+00:00,43.416666666666664
2026-03-13 03:30:00+00:00,42.85
2026-03-13 04:00:00+00:00,42.05
2026-03-13 04:30:00+00:00,41.05
2026-03-13 05:00:00+00:00,40.25
2026-03-13 05:30:00+00:00,39.575
2026-03-13 06:00:00+00:00,39.0
2026-03-13 06:30:00+00:00,41.138888888888886
2026-03-13 07:00:00+00:00,44.725
2026-03-13 07:30:00+00:00,44.4
2026-03-13 08:00:00+00:00,43.8
2026-03-13 08:30:00+00:00,43.76363636363636
2026-03-13 09:00:00+00:00,45.78181818181818
2026-03-13 09:30:00+00:00,45.75
2026-03-13 10:00:00+00:00,45.128571428571426
2026-03-13 10:30:00+00:00,44.849999999999994
2026-03-13 11:00:00+00:00,44.660000000000004
2026-03-13 11:30:00+00:00,44.083333333333336
2026-03-13 12:00:00+00:00,43.475
2026-03-13 12:30:00+00:00,43.81666666666666
2026-03-13 13:00:00+00:00,43.666666666666664
2026-03-13 13:30:00+00:00,43.86363636363637
2026-03-13 14:00:00+00:00,42.800000000000004
2026-03-13 14:30:00+00:00,44.729166666666664
2026-03-13 15:00:00+00:00,48.3
2026-03-13 15:30:00+00:00,48.35
2026-03-13 16:00:00+00:00,47.800000000000004
2026-03-13 16:30:00+00:00,47.839999999999996
2026-03-13 17:00:00+00:00,47.666666666666664
2026-03-13 17:30:00+00:00,47.449999999999996
2026-03-13 18:00:00+00:00,46.776923076923076
2026-03-13 18:30:00+00:00,46.300000000000004
2026-03-13 19:00:00+00:00,45.68571428571429
2026-03-13 19:30:00+00:00,45.416666666666664
2026-03-13 20:00:00+00:00,45.1
2026-03-13 20:30:00+00:00,46.09444444444445
2026-03-13 21:00:00+00:00,47.05555555555556
2026-03-13 21:30:00+00:00,47.28
2026-03-13 22:00:00+00:00,47.325
2026-03-13 22:30:00+00:00,47.550000000000004
2026-03-13 23:00:00+00:00,47.800000000000004
2026-03-13 23:30:00+00:00,48.0
2026-03-14 00:00:00+00:00,47.75
2026-03-14 00:30:00+00:00,47.72
2026-03-14 01:00:00+00:00,47.43
2026-03-14 01:30:00+00:00,46.980000000000004
2026-03-14 02:00:00+00:00,46.75
2026-03-14 02:30:00+00:00,46.628571428571426
2026-03-14 03:00:00+00:00,46.349999999999994
2026-03-14 03:30:00+00:00,46.18
2026-03-14 04:00:00+00:00,46.042857142857144
2026-03-14 04:30:00+00:00,46.1
2026-03-14 05:00:00+00:00,45.93333333333334
2026-03-14 05:30:00+00:00,45.650000000000006
2026-03-14 06:00:00+00:00,45.45
2026-03-14 06:30:00+00:00,45.36666666666667
2026-03-14 07:00:00+00:00,45.0
2026-03-14 07:30:00+00:00,44.6
2026-03-14 08:00:00+00:00,44.3
2026-03-14 08:30:00+00:00,44.11666666666667
2026-03-14 09:00:00+00:00,43.88
2026-03-14 09:30:00+00:00,46.325
2026-03-14 10:00:00+00:00,47.583333333333336
2026-03-14 10:30:00+00:00,46.44
2026-03-14 11:00:00+00:00,45.93333333333334
2026-03-14 11:30:00+00:00,46.300000000000004
2026-03-14 12:00:00+00:00,47.266666666666666
2026-03-14 12:30:00+00:00,55.260000000000005
2026-03-14 13:00:00+00:00,43.646153846153844
2026-03-14 13:30:00+00:00,40.68888888888889
2026-03-14 14:00:00+00:00,42.65
2026-03-14 14:30:00+00:00,42.9
2026-03-14 15:00:00+00:00,42.650000000000006
2026-03-14 15:30:00+00:00,42.34285714285714
2026-03-14 16:00:00+00:00,41.8
2026-03-14 16:30:00+00:00,41.45
2026-03-14 17:00:00+00:00,41.0
2026-03-14 17:30:00+00:00,40.650000000000006
2026-03-14 18:00:00+00:00,39.78888888888889
2026-03-14 18:30:00+00:00,38.56
2026-03-14 19:00:00+00:00,37.6
2026-03-14 19:30:00+00:00,37.857142857142854
2026-03-14 20:00:00+00:00,38.70909090909091
2026-03-14 20:30:00+00:00,39.266666666666666
2026-03-14 21:00:00+00:00,39.6
2026-03-14 21:30:00+00:00,39.55714285714286
2026-03-14 22:00:00+00:00,39.4125
2026-03-14 22:30:00+00:00,39.949999999999996
2026-03-14 23:00:00+00:00,40.05
2026-03-14 23:30:00+00:00,39.775
2026-03-15 00:00:00+00:00,39.95
2026-03-15 00:30:00+00:00,39.955555555555556
2026-03-15 01:00:00+00:00,39.7
2026-03-15 01:30:00+00:00,39.55
2026-03-15 02:00:00+00:00,39.349999999999994
2026-03-15 02:30:00+00:00,39.160000000000004
2026-03-15 03:00:00+00:00,38.9
2026-03-15 03:30:00+00:00,38.760000000000005
2026-03-15 04:00:00+00:00,38.9
2026-03-15 04:30:00+00:00,39.266666666666666
2026-03-15 05:00:00+00:00,39.8
2026-03-15 05:30:00+00:00,40.25
2026-03-15 06:00:00+00:00,40.55
2026-03-15 06:30:00+00:00,40.625
2026-03-15 07:00:00+00:00,40.7
2026-03-15 07:30:00+00:00,40.800000000000004
2026-03-15 08:00:00+00:00,41.699999999999996
2026-03-15 08:30:00+00:00,42.53333333333333
2026-03-15 09:00:00+00:00,44.2
2026-03-15 09:30:00+00:00,45.05
2026-03-15 10:00:00+00:00,45.0
2026-03-15 10:30:00+00:00,44.74285714285714
2026-03-15 11:00:00+00:00,44.67142857142857
2026-03-15 11:30:00+00:00,45.285714285714285
2026-03-15 12:00:00+00:00,46.96153846153846
2026-03-15 12:30:00+00:00,46.7625
2026-03-15 13:00:00+00:00,46.77272727272727
2026-03-15 13:30:00+00:00,48.247058823529414
2026-03-15 14:00:00+00:00,48.85
2026-03-15 14:30:00+00:00,51.71666666666667
2026-03-15 15:00:00+00:00,55.338095238095235
2026-03-15 15:30:00+00:00,55.827777777777776
2026-03-15 16:00:00+00:00,50.73157894736842
2026-03-15 16:30:00+00:00,48.275
2026-03-15 17:00:00+00:00,48.127272727272725
2026-03-15 17:30:00+00:00,48.07272727272727
2026-03-15 18:00:00+00:00,48.67142857142857
2026-03-15 18:30:00+00:00,48.67777777777778
2026-03-15 19:00:00+00:00,48.14
2026-03-15 19:30:00+00:00,47.81666666666666
